1,"February, 2018",0100,80193100," Sun Com Mobile LLC, 1848 S Ww White Rd",Central,South Texas,TON - SAN ANTONIO,47,103,38,150,10,8,0,100.00%,100.00%,60.00%,96,203,1,0,233,0,1,218,7,217,0,0,237,0,0,0,0,0,0,0,0,0,0,0,0,3,19,3,0,0,116,9,0,39,9,120,45,193,4,38,15,5,0,0,62,2,16,7,5,0,0,30,727,727,727,0,0
2,"February, 2018",0101,80193101," Sun Com Mobile LLC, 3103 SE Military Dr Ste 107",Central,South Texas,TON - SAN ANTONIO,26,40,14,66,3,3,0,100.00%,100.00%,75.00%,38,111,5,0,132,0,0,117,4,117,0,0,134,0,0,0,0,0,0,0,0,0,0,0,0,2,4,5,0,0,50,5,0,33,7,78,47,88,4,5,10,5,5,0,29,0,7,3,0,1,0,11,252,252,252,0,0
3,"February, 2018",0102,80193102," Sun Com Mobile LLC, 4622 W Commerce St Ste 106",Central,South Texas,TON - SAN ANTONIO,48,83,21,131,3,1,0,100.00%,100.00%,66.67%,85,182,14,3,198,1,1,184,4,184,0,0,198,0,0,0,0,0,1,0,0,0,0,0,0,6,8,6,0,0,92,19,0,36,7,93,62,164,1,29,12,37,0,0,79,0,29,11,0,1,0,41,709,709,709,0,0
4,"February, 2018",0103,80193103," Sun Com Mobile LLC, 6338 Old Pearsall Rd Ste 106",Central,South Texas,TON - SAN ANTONIO,44,53,24,97,8,3,0,62.50%,25.00%,62.50%,58,166,26,2,191,0,0,168,2,167,0,0,193,0,0,0,0,0,0,0,0,0,0,0,0,1,9,5,0,0,65,17,0,34,7,109,20,163,7,20,6,7,0,0,40,1,7,5,1,0,0,14,677,677,677,0,0
5,"February, 2018",0104,80193104," Sun Com Mobile LLC, 307 S 14th St",Central,South Texas,RIV - RIVIERA,19,32,9,51,3,3,0,100.00%,100.00%,66.67%,83,100,97,1,112,0,0,99,7,97,0,0,112,0,0,0,0,1,0,0,0,0,0,0,0,1,8,4,0,0,36,2,0,26,1,76,57,85,4,15,6,1,2,0,28,0,9,6,0,0,0,15,431,431,431,0,0
6,"February, 2018",0105,80193105," Sun Com Mobile LLC, 322 W Avenue J",Central,South Texas,CRI - CORPUS CHRISTI,23,26,17,49,4,3,0,100.00%,100.00%,100.00%,22,84,5,1,99,0,0,79,7,79,0,0,99,0,0,0,0,0,0,0,0,0,0,0,0,2,6,7,0,0,27,7,0,27,1,64,19,91,0,7,3,5,0,0,15,0,4,0,8,0,0,12,470,470,470,0,0
7,"February, 2018",0106,80193106," Sun Com Mobile LLC, 3250 E Main St Ste A",Central,South Texas,DLY - DILLEY,35,77,37,112,7,5,0,71.43%,100.00%,62.50%,31,130,71,3,172,0,0,155,3,154,0,0,174,0,0,0,0,0,0,0,0,0,0,0,0,3,1,14,0,0,78,16,0,42,6,73,14,131,18,2,0,7,0,0,27,1,4,1,0,0,0,6,536,536,536,0,0
8,"February, 2018",0107,80193107," Sun Com Mobile LLC, 19456 Cortez Blvd",East,Florida,"420 - Inverness, FL",25,28,17,53,4,2,0,50.00%,100.00%,60.00%,21,70,0,0,88,0,0,67,4,66,0,0,88,0,0,0,0,0,0,0,0,0,0,0,0,0,6,9,0,0,37,1,0,39,11,42,25,60,2,7,10,2,5,1,27,2,6,3,0,4,0,15,146,146,146,0,0
9,"February, 2018",0108,80193108," Sun Com Mobile LLC, 14017 Northwest Blvd Ste 111",Central,South Texas,CRI - CORPUS CHRISTI,29,54,20,83,7,4,0,71.43%,66.67%,60.00%,49,128,2,0,156,1,0,140,5,138,0,0,159,0,0,0,0,0,0,0,1,0,0,0,0,5,8,6,0,0,51,13,0,38,12,96,16,128,2,1,12,10,1,0,26,2,4,5,1,0,0,12,254,254,254,0,0
10,"February, 2018",0109,80193109," Sun Com Mobile LLC, 11190 Spring Hill Dr",East,Florida,"420 - Inverness, FL",22,21,19,43,8,8,0,87.50%,100.00%,100.00%,11,56,3,0,63,0,0,42,1,42,0,0,64,0,0,0,0,0,0,0,0,0,0,0,0,0,7,7,0,0,27,2,0,18,2,30,17,51,4,9,5,6,2,0,26,0,4,2,2,3,0,11,68,68,68,0,0
11,"February, 2018",0110,80193110," Sun Com Mobile LLC, 4433 Fredericksburg Rd",Central,South Texas,TON - SAN ANTONIO,31,52,22,83,4,2,0,100.00%,75.00%,83.33%,26,98,11,0,108,0,0,98,2,97,0,0,110,0,0,0,0,0,0,0,0,0,0,0,0,1,12,6,0,0,58,6,0,18,7,52,16,87,1,23,2,7,1,0,34,2,22,2,0,1,0,27,282,282,282,0,0
12,"February, 2018",0111,80193111," Sun Com Mobile LLC, 833 Fresno",Central,South Texas,TON - SAN ANTONIO,17,27,11,44,3,1,0,33.33%,66.67%,100.00%,18,72,0,0,76,0,0,68,2,67,0,0,80,0,0,0,0,0,0,0,0,0,0,0,0,1,5,3,0,0,32,3,0,19,5,49,11,62,0,10,4,7,0,0,21,0,11,1,2,0,0,14,342,342,342,0,0
13,"February, 2018",0112,80193112," Sun Com Mobile LLC, 445 E Highland Blvd",East,Florida,"420 - Inverness, FL",24,31,11,55,4,3,0,100.00%,100.00%,66.67%,21,79,0,0,98,0,0,76,3,75,0,0,98,0,0,0,0,0,0,0,0,0,0,0,0,0,0,7,0,0,46,2,0,15,6,49,15,66,3,4,4,4,5,0,20,0,3,6,0,0,0,9,122,122,122,0,0
14,"February, 2018",0113,80193113," Sun Com Mobile LLC, 3802 State Highway 359 Ste 2",Central,South Texas,LRD - LAREDO,4,29,8,33,1,1,0,100.00%,100.00%,100.00%,17,56,0,1,65,0,0,54,5,54,0,0,65,0,0,0,0,0,0,0,0,0,0,0,0,0,1,3,0,0,28,1,0,17,4,34,21,41,3,13,2,5,0,0,23,0,2,1,4,0,0,7,187,187,187,0,0
15,"February, 2018",0114,80193114," Sun Com Mobile LLC, 8350 Marbach Rd",Central,South Texas,TON - SAN ANTONIO,0,0,0,0,0,0,0,0.00%,0.00%,0.00%,0,0,0,0,0,0,0,0,0,0,0,0,0,0,0,0,0,0,0,0,0,0,0,0,0,0,0,0,0,0,0,0,0,5,0,0,0,0,0,0,0,0,0,0,0,0,0,1,0,0,0,1,0,0,0,0,0
16,"February, 2018",0115,80193115," Sun Com Mobile LLC, 4125 E Lancaster Ave Ste D",Central,North Texas,DFW - DALLAS,24,56,9,80,3,3,0,66.67%,100.00%,40.00%,46,98,0,0,105,0,0,95,1,95,0,0,105,0,0,0,0,0,0,0,0,0,0,0,0,0,8,5,0,0,64,3,0,28,7,36,20,79,0,27,11,9,0,0,47,0,11,3,0,0,0,14,189,189,189,0,0
17,"February, 2018",0116,80193116," Sun Com Mobile LLC, 10806 Garland Rd",Central,North Texas,DFW - DALLAS,18,27,12,45,3,2,0,66.67%,100.00%,66.67%,12,53,0,0,62,0,0,57,2,57,0,0,62,0,0,0,0,0,0,0,0,0,0,0,0,0,4,3,0,0,32,6,0,6,1,23,7,41,1,21,7,3,0,0,32,0,13,4,2,1,0,20,138,138,138,0,0
18,"February, 2018",0117,80193117," Sun Com Mobile LLC, 12304 Fondren Rd",Central,South Texas,HTH - HOUSTON,0,0,0,0,0,0,0,0.00%,0.00%,0.00%,0,0,0,0,0,0,0,0,0,0,0,0,0,0,0,0,0,0,0,0,0,0,0,0,0,0,0,0,0,0,0,0,0,11,4,0,0,0,0,0,0,0,0,0,0,0,3,0,1,4,0,8,0,0,0,0,0
19,"February, 2018",0118,80193118," Sun Com Mobile LLC, 2445 Fulton St",Central,South Texas,HTH - HOUSTON,23,32,8,55,4,1,0,75.00%,50.00%,60.00%,34,69,50,0,72,0,0,61,5,61,0,0,73,0,0,0,0,0,0,0,0,0,0,0,0,2,9,7,0,0,32,5,0,24,5,32,53,57,3,10,17,0,3,0,33,0,7,5,1,0,0,13,209,209,209,0,0
20,"February, 2018",0119,80193119," Sun Com Mobile LLC, 8541 W Bellfort St Ste K",Central,South Texas,HTH - HOUSTON,0,0,0,0,0,0,0,0.00%,0.00%,0.00%,0,0,0,0,0,0,0,0,0,0,0,0,0,0,0,0,0,0,0,0,0,0,0,0,0,0,0,0,0,0,0,0,0,3,3,0,0,0,0,0,0,0,0,0,0,1,1,0,4,0,0,6,0,0,0,0,0
21,"February, 2018",0120,80193120," Sun Com Mobile LLC, 11883 Bissonnet St Ste C",Central,South Texas,HTH - HOUSTON,14,14,11,28,0,0,0,0.00%,0.00%,0.00%,4,43,23,0,46,0,1,36,0,36,0,0,46,0,0,0,0,0,0,0,0,0,0,0,0,0,5,2,0,0,19,2,0,10,5,25,7,36,2,2,2,4,0,0,10,0,2,6,2,2,0,12,208,208,208,0,0
22,"February, 2018",0121,80193121," Sun Com Mobile LLC, 424 N Jupiter Rd",Central,North Texas,DFW - DALLAS,29,52,7,81,1,0,0,100.00%,100.00%,100.00%,40,108,0,0,113,0,0,98,1,98,0,0,114,0,0,0,0,0,0,0,0,0,0,0,0,0,5,9,0,0,55,12,0,33,5,39,11,86,0,45,13,3,0,0,61,0,19,7,3,0,0,29,305,305,305,0,0
23,"February, 2018",0122,80193122," Sun Com Mobile LLC, 27405 US Highway 27",East,Florida,117 - Lady Lake,0,0,0,0,0,0,0,0.00%,0.00%,0.00%,0,0,0,0,0,0,0,0,0,0,0,0,0,0,0,0,0,0,0,0,0,0,0,0,0,0,0,0,0,0,0,0,0,7,0,0,0,0,0,0,0,0,0,0,0,0,2,1,0,0,0,3,0,0,0,0,0
24,"February, 2018",0123,80193123," Sun Com Mobile LLC, 1430 W Spring Valley Rd",Central,North Texas,DFW - DALLAS,26,55,12,81,3,3,0,100.00%,66.67%,50.00%,45,100,0,0,100,0,0,94,2,94,0,0,102,0,0,0,0,0,0,0,0,0,0,0,0,1,8,4,0,0,68,0,0,10,7,33,22,80,0,39,3,6,0,0,48,0,18,3,2,0,0,23,283,283,283,0,0
25,"February, 2018",0124,80193124," Sun Com Mobile LLC, 5416 East Grand Avenue Ste 200",Central,North Texas,DFW - DALLAS,20,32,10,52,2,2,0,100.00%,100.00%,50.00%,23,51,1,0,61,0,0,59,1,59,0,0,61,0,0,0,0,0,0,0,0,0,0,0,0,0,6,2,0,0,42,2,0,13,5,16,10,46,0,21,4,2,0,0,27,1,12,1,2,0,0,16,149,149,149,0,0
26,"February, 2018",0125,80193125," Sun Com Mobile LLC, 2245 S Cooper St",Central,North Texas,DFW - DALLAS,26,32,14,58,4,2,0,100.00%,100.00%,100.00%,40,79,0,0,86,0,0,73,0,73,0,0,86,0,0,0,0,0,0,0,0,0,0,0,0,0,11,5,0,0,41,1,0,19,5,40,13,63,2,12,10,8,0,0,32,1,8,6,2,0,0,17,157,157,157,0,0
27,"February, 2018",0126,80193126," Sun Com Mobile LLC, 5518 River Oaks Blvd Ste B",Central,North Texas,DFW - DALLAS,17,39,14,56,2,1,0,100.00%,100.00%,100.00%,21,69,0,0,83,0,0,69,2,69,0,0,84,0,0,0,0,0,0,0,0,0,0,0,0,1,5,7,0,0,40,3,0,26,3,35,11,59,4,8,6,6,8,0,32,1,5,3,0,0,0,9,113,113,113,0,0
28,"February, 2018",0127,80193127," Sun Com Mobile LLC, 2410 Azle Ave",Central,North Texas,DFW - DALLAS,40,89,26,129,3,2,0,100.00%,100.00%,66.67%,79,143,0,0,159,0,0,157,0,157,0,0,161,0,0,0,0,0,0,0,0,0,0,0,0,0,8,4,0,0,116,1,0,37,5,43,21,113,8,55,15,9,2,0,89,0,27,8,3,1,0,39,297,297,297,0,0
29,"February, 2018",0128,80193128," Sun Com Mobile LLC, 2302 Gus Thomasson Rd Ste 108",Central,North Texas,DFW - DALLAS,8,35,10,43,1,1,0,100.00%,100.00%,100.00%,30,74,0,0,81,0,0,76,0,76,0,0,81,0,0,0,0,0,0,0,0,0,0,0,0,0,6,0,0,0,36,1,0,18,1,44,4,54,4,15,6,4,0,0,29,1,7,2,2,1,0,13,194,194,194,0,0
30,"February, 2018",0129,80193129," Sun Com Mobile LLC, 3751 Main St Ste 300",Central,North Texas,DFW - DALLAS,17,36,25,53,0,0,0,0.00%,0.00%,0.00%,11,48,0,0,69,0,1,60,3,60,0,0,69,0,0,0,0,0,0,0,0,0,0,0,0,0,4,6,0,0,43,0,0,13,7,20,12,41,13,9,2,4,4,0,32,0,8,4,1,0,0,13,58,58,58,0,0
31,"February, 2018",0130,80193130," Sun Com Mobile LLC, 2063 Town East Mall Spc 6555",Central,North Texas,DFW - DALLAS,11,5,5,16,0,0,0,0.00%,100.00%,100.00%,7,14,3,0,17,0,0,13,0,13,0,0,17,0,0,0,0,0,0,0,0,0,0,0,0,0,3,3,0,0,6,4,0,10,1,4,1,16,2,7,0,0,0,0,9,0,10,3,3,1,0,17,22,22,22,0,0
32,"February, 2018",0131,80193131," Sun Com Mobile LLC, 3400 Lombardy Ln Ste 103",Central,North Texas,DFW - DALLAS,66,152,32,220,6,4,0,100.00%,60.00%,60.00%,151,253,0,0,285,1,0,277,4,277,0,0,286,0,0,0,0,0,0,0,1,0,0,0,0,1,7,5,0,0,157,50,0,36,7,76,28,196,2,87,20,19,0,0,128,0,33,11,3,1,0,48,503,503,503,0,0
33,"February, 2018",0132,80193132," Sun Com Mobile LLC, 8656 Skillman St",Central,North Texas,DFW - DALLAS,16,28,12,44,2,2,0,100.00%,33.33%,25.00%,26,47,30,0,56,0,0,52,0,52,0,0,56,0,0,0,0,0,0,0,0,0,0,0,0,1,5,3,0,0,32,3,0,25,5,20,6,44,6,16,3,4,0,0,29,0,3,2,1,0,0,6,128,128,128,0,0
34,"February, 2018",0133,80193133," Sun Com Mobile LLC, 14999 Preston Rd Ste 102C",Central,North Texas,DFW - DALLAS,0,0,0,0,0,0,0,0.00%,0.00%,0.00%,0,0,0,0,0,0,0,0,0,0,0,0,0,0,0,0,0,0,0,0,0,0,0,0,0,0,0,0,0,0,0,0,0,10,3,0,0,0,0,0,0,0,0,0,0,0,0,4,2,0,0,6,0,0,0,0,0
35,"February, 2018",0134,80193134," Sun Com Mobile LLC, 3811 S Cooper St Spc 5515",Central,North Texas,DFW - DALLAS,0,0,0,0,0,0,0,0.00%,0.00%,0.00%,0,0,0,0,0,0,0,0,0,0,0,0,0,0,0,0,0,0,0,0,0,0,0,0,0,0,0,0,0,0,0,0,0,0,0,0,0,0,0,0,0,0,0,0,0,0,1,0,0,0,0,1,0,0,0,0,0
36,"February, 2018",0135,80193135," Sun Com Mobile LLC, 1649 Babcock Rd Ste 1",Central,South Texas,TON - SAN ANTONIO,0,0,0,0,0,0,0,0.00%,0.00%,0.00%,0,0,0,0,0,0,0,0,0,0,0,0,0,0,0,0,0,0,0,0,0,0,0,0,0,0,0,0,0,0,0,0,0,1,0,0,0,0,0,0,0,0,0,0,0,0,0,0,0,0,0,0,0,0,0,0,0
37,"February, 2018",0136,80193136," Sun Com Mobile LLC, 3717 McClelland Ave Unit 3",Central,South Texas,LRD - LAREDO,19,39,16,58,1,1,0,100.00%,100.00%,100.00%,38,110,0,0,121,0,0,108,0,108,0,0,122,0,0,0,0,0,0,0,0,0,0,0,0,0,0,5,0,0,53,0,0,19,2,69,20,96,3,21,2,1,0,0,27,0,5,4,3,0,0,12,455,455,455,0,0
38,"February, 2018",0137,80193137," Sun Com Mobile LLC, 2212 Santa Ursula Ave Ste 1A",Central,South Texas,LRD - LAREDO,26,40,21,66,4,3,0,100.00%,100.00%,100.00%,61,107,1,0,131,0,0,122,2,121,0,0,130,0,0,0,0,0,0,0,0,0,0,0,0,1,1,2,0,0,60,2,0,29,3,71,19,105,0,12,2,0,0,0,14,1,7,4,1,0,0,13,523,523,523,0,0
39,"February, 2018",0138,80193138," Sun Com Mobile LLC, 1219 Chihuahua St Ste 6",Central,South Texas,LRD - LAREDO,20,29,13,49,1,0,0,100.00%,100.00%,100.00%,28,80,0,0,88,0,0,83,3,83,0,0,88,0,0,0,0,0,0,0,0,0,0,0,0,6,0,2,0,0,38,3,0,26,4,54,11,80,2,4,9,0,0,0,15,0,6,3,0,0,0,9,455,455,455,0,0
40,"February, 2018",0139,80193139," Sun Com Mobile LLC, 2212 Guadalupe St",Central,South Texas,LRD - LAREDO,18,46,12,64,3,2,0,100.00%,100.00%,100.00%,48,103,0,0,118,0,0,106,0,106,0,0,119,0,0,0,0,0,0,0,0,0,0,0,0,1,2,1,0,0,59,1,0,38,5,62,16,85,0,18,2,7,0,0,27,1,5,2,0,0,0,8,342,342,342,0,0
41,"February, 2018",0140,80193140," Sun Com Mobile LLC, 913 E Irving Blvd Ste E",Central,North Texas,DFW - DALLAS,43,84,19,127,10,8,0,80.00%,75.00%,40.00%,63,182,0,0,198,0,0,177,11,177,0,0,198,0,0,0,0,0,0,0,0,0,0,0,0,0,6,9,0,0,102,10,0,30,4,78,41,141,2,38,17,7,2,0,66,1,15,16,5,0,0,37,366,366,366,0,0
42,"February, 2018",0141,80193141," Sun Com Mobile LLC, 502 US Highway 83",Central,South Texas,RAY - RAYMONDVILLE,31,58,42,89,5,2,0,80.00%,75.00%,50.00%,61,87,0,0,113,0,1,105,1,105,0,0,114,0,0,0,0,0,0,0,0,0,0,0,0,5,8,5,0,0,61,10,0,45,6,43,11,92,11,18,1,2,2,0,34,0,4,7,1,1,0,13,386,386,386,0,0
43,"February, 2018",0142,80193142," Sun Com Mobile LLC, 3035 Broadway Blvd Ste E",Central,North Texas,DFW - DALLAS,18,28,14,46,1,0,0,100.00%,100.00%,100.00%,18,50,0,0,60,0,0,52,0,52,0,0,60,0,0,0,0,0,0,0,0,0,0,0,0,0,4,5,0,0,33,4,0,14,3,20,7,49,3,13,8,3,0,0,27,0,5,3,1,0,0,9,129,129,129,0,0
44,"February, 2018",0143,80193143," Sun Com Mobile LLC, 2310 SW Military Dr Ste 136",Central,South Texas,TON - SAN ANTONIO,11,29,9,40,0,0,0,0.00%,0.00%,-100.00%,24,66,0,0,76,0,0,65,0,65,0,0,79,0,0,0,0,0,0,0,0,0,0,0,0,0,3,5,0,0,28,4,0,19,7,46,8,53,6,10,4,2,2,0,24,0,5,3,0,1,0,9,95,95,95,0,0
45,"February, 2018",0144,80193144," Sun Com Mobile LLC, 3515 Sycamore School Rd Ste 145",Central,North Texas,DFW - DALLAS,23,28,10,51,5,4,0,100.00%,100.00%,100.00%,30,69,0,0,69,0,0,65,1,65,0,0,70,0,0,0,0,0,0,0,0,0,0,0,0,0,10,1,0,0,34,6,0,17,1,32,10,56,6,19,7,0,1,0,33,0,13,2,5,0,0,20,94,94,94,0,0
46,"February, 2018",0145,80193145," Sun Com Mobile LLC, 1250 Northwest Hwy Ste P",Central,North Texas,DFW - DALLAS,15,37,14,52,5,1,0,80.00%,75.00%,16.67%,29,58,0,0,64,0,0,61,3,61,0,0,65,0,0,0,0,0,0,0,0,0,0,0,0,4,3,2,0,0,34,9,0,14,2,21,9,47,1,18,2,6,0,0,27,0,4,4,0,4,0,12,129,129,129,0,0
47,"February, 2018",0146,80193146," Sun Com Mobile LLC, 1625 S Belt Line Rd Ste 200",Central,North Texas,DFW - DALLAS,10,57,19,67,2,1,0,100.00%,100.00%,0.00%,27,77,0,0,97,0,0,88,1,88,0,0,97,0,0,0,0,0,0,0,0,0,0,0,0,0,3,3,0,0,60,1,0,23,4,33,7,55,3,21,3,7,0,0,34,0,5,1,2,2,0,10,142,142,142,0,0
48,"February, 2018",0147,80193147," Sun Com Mobile LLC, 6821 Spencer Hwy",Central,South Texas,HTH - HOUSTON,19,22,20,41,2,1,0,100.00%,100.00%,50.00%,24,63,29,6,74,0,1,67,1,67,0,0,75,0,0,0,0,0,0,0,0,0,0,0,0,1,9,1,0,0,25,5,0,18,9,49,20,61,5,1,3,2,0,0,11,0,4,4,0,0,0,8,202,202,202,0,0
49,"February, 2018",0148,80193148," Sun Com Mobile LLC, 11422 Southwest Fwy",Central,South Texas,HTH - HOUSTON,0,0,0,0,0,0,0,0.00%,0.00%,0.00%,0,0,0,0,0,0,0,0,0,0,0,0,0,0,0,0,0,0,0,0,0,0,0,0,0,0,0,0,0,0,0,0,0,1,0,0,0,0,0,0,0,0,0,0,0,0,0,0,0,0,0,0,0,0,0,0,0
50,"February, 2018",0149,80193149," Sun Com Mobile LLC, 1020 SW Military Dr",Central,South Texas,TON - SAN ANTONIO,24,35,11,59,3,3,0,100.00%,100.00%,80.00%,19,95,0,1,103,0,0,84,2,84,0,0,105,0,0,0,0,0,0,0,0,0,0,0,0,4,5,4,0,0,31,15,0,22,6,65,10,95,1,15,4,1,0,0,21,0,5,1,2,0,0,8,200,200,200,0,0
51,"February, 2018",0150,80193150," Sun Com Mobile LLC, 2022 Richey St",Central,South Texas,HTH - HOUSTON,0,0,0,0,0,0,0,0.00%,0.00%,0.00%,0,0,0,0,0,0,0,0,0,0,0,0,0,0,0,0,0,0,0,0,0,0,0,0,0,0,0,0,0,0,0,0,0,0,0,0,0,0,0,0,0,0,0,0,0,0,0,0,0,0,0,0,0,0,0,0,0
52,"February, 2018",0151,80193151," Sun Com Mobile LLC, 6060 Bellaire Blvd Ste K",Central,South Texas,HTH - HOUSTON,22,48,9,70,3,2,0,100.00%,100.00%,66.67%,33,110,40,4,116,1,0,105,2,105,0,0,116,0,0,0,0,0,0,0,1,0,0,0,0,0,3,5,0,0,62,0,0,17,10,50,51,84,1,12,7,23,0,0,43,1,23,9,6,0,0,39,259,259,259,0,0
53,"February, 2018",0152,80193152," Sun Com Mobile LLC, 3021 West Ave Ste B",Central,South Texas,TON - SAN ANTONIO,32,85,14,117,6,4,0,83.33%,83.33%,66.67%,37,182,0,0,194,0,0,183,3,181,0,0,194,0,0,0,0,0,0,0,0,0,0,0,0,2,3,4,0,0,102,6,0,24,8,91,15,129,8,29,14,7,2,0,60,0,19,1,1,0,0,21,401,401,401,0,0
54,"February, 2018",0153,80193153," Sun Com Mobile LLC, 2110 Fry Rd",Central,South Texas,HTH - HOUSTON,0,0,0,0,0,0,0,0.00%,0.00%,0.00%,0,0,0,0,0,0,0,0,0,0,0,0,0,0,0,0,0,0,0,0,0,0,0,0,0,0,0,0,0,0,0,0,0,0,0,0,0,0,0,0,0,0,0,0,0,0,0,0,0,0,0,0,0,0,0,0,0
55,"February, 2018",0154,80193154," Sun Com Mobile LLC, 2143 E Houston St",Central,South Texas,TON - SAN ANTONIO,36,19,12,55,2,2,0,0.00%,-50.00%,-66.67%,43,113,16,2,121,0,0,94,4,91,0,0,121,0,0,0,0,0,0,0,0,0,0,0,0,2,4,12,0,0,33,4,0,32,8,91,49,106,1,5,2,1,1,0,10,1,18,2,2,0,0,23,646,646,646,0,0
56,"February, 2018",0155,80193155," Sun Com Mobile LLC, 2706 W Commerce St",Central,South Texas,TON - SAN ANTONIO,42,44,13,86,3,1,0,100.00%,100.00%,33.33%,36,111,1,0,115,0,0,104,3,104,0,0,117,0,0,0,0,0,0,0,0,0,0,0,0,4,14,2,0,0,58,8,0,25,3,54,9,113,1,26,6,4,2,0,39,0,22,5,0,0,0,27,701,701,701,0,0
57,"February, 2018",0156,80193156," Sun Com Mobile LLC, 3610 Nogalitos Ste 103",Central,South Texas,TON - SAN ANTONIO,28,40,15,68,5,5,0,60.00%,60.00%,33.33%,30,106,25,0,110,0,0,94,2,94,0,0,113,0,0,0,0,0,0,0,0,0,0,0,0,5,5,4,0,0,47,7,0,9,7,64,9,97,0,21,3,1,1,0,26,1,15,4,1,0,0,21,552,552,552,0,0
58,"February, 2018",0157,80193157," Sun Com Mobile LLC, 1803 Vance Jackson Rd Ste 301",Central,South Texas,TON - SAN ANTONIO,36,57,13,93,8,8,0,75.00%,85.71%,62.50%,48,128,83,5,131,0,0,111,2,110,0,0,137,0,0,0,0,0,0,0,0,0,0,0,0,0,4,15,0,0,60,14,0,22,7,52,17,98,1,25,5,41,0,0,72,2,17,8,3,0,0,30,188,188,188,0,0
59,"February, 2018",0158,80193158," Sun Com Mobile LLC, 6900 San Pedro Ave Ste 147",Central,South Texas,TON - SAN ANTONIO,16,20,6,36,1,1,0,100.00%,100.00%,-50.00%,16,44,0,0,55,0,0,43,0,43,0,0,55,0,0,0,0,0,0,0,0,0,0,0,0,0,4,4,0,0,26,2,0,11,0,24,2,39,0,9,0,8,2,0,19,0,3,7,0,2,0,12,158,158,158,0,0
60,"February, 2018",0159,80193159," Sun Com Mobile LLC, 13431 Us Highway 281 N",Central,South Texas,TON - SAN ANTONIO,17,13,10,30,5,4,0,100.00%,100.00%,71.43%,19,52,16,0,55,0,0,48,1,48,0,0,56,0,0,0,0,0,0,0,0,0,0,0,0,1,5,3,0,0,14,7,0,14,5,34,22,47,3,2,3,2,1,0,11,0,4,3,2,0,0,9,109,109,109,0,0
61,"February, 2018",0160,80193160," Sun Com Mobile LLC, 10329 SE US Highway 441",East,Florida,824 - Ocala,0,0,0,0,0,0,0,0.00%,0.00%,0.00%,0,0,0,0,0,0,0,0,0,0,0,0,0,0,0,0,0,0,0,0,0,0,0,0,0,0,0,0,0,0,0,0,0,22,8,0,1,0,0,0,0,0,0,0,0,0,3,8,0,2,0,13,0,0,0,0,0
62,"February, 2018",0161,80193161," Sun Com Mobile LLC, 2247 Citrus Blvd",East,Florida,117 - Lady Lake,27,38,18,65,9,6,0,66.67%,77.78%,45.45%,22,94,0,1,118,0,0,97,6,95,0,0,118,0,0,0,0,0,0,0,0,0,0,0,0,2,4,4,0,0,48,7,0,33,9,66,21,83,6,4,10,7,2,0,29,0,10,19,2,4,0,35,226,226,226,0,0
63,"February, 2018",0162,80193162," Sun Com Mobile LLC, 548 S Duncan Dr",East,Florida,117 - Lady Lake,12,31,9,43,5,5,0,100.00%,100.00%,100.00%,38,63,9,0,72,0,0,56,0,56,0,0,73,0,0,0,0,0,0,0,0,0,0,0,0,0,1,2,0,0,36,4,0,21,3,35,10,37,2,1,3,5,5,0,16,0,0,8,1,0,0,9,73,73,73,0,0
64,"February, 2018",0163,80193163," Sun Com Mobile LLC, 620 E Highway 50",East,Florida,117 - Lady Lake,10,45,27,55,5,4,0,60.00%,66.67%,25.00%,11,74,0,0,103,0,0,80,2,80,0,0,103,0,0,0,0,0,0,0,0,0,0,0,0,1,2,2,0,0,45,5,0,50,9,51,13,52,14,8,3,4,5,0,34,0,7,11,4,1,0,23,97,97,97,0,0
65,"February, 2018",0164,80193164," Sun Com Mobile LLC, 211 E Michigan St",East,Florida,059 - Orlando,0,0,0,0,0,0,0,0.00%,0.00%,0.00%,0,0,0,0,0,0,0,0,0,0,0,0,0,0,0,0,0,0,0,0,0,0,0,0,0,0,0,0,0,0,0,0,0,4,3,0,0,0,0,0,0,0,0,0,0,0,1,1,1,0,0,3,0,0,0,0,0
66,"February, 2018",0165,80193165," Sun Com Mobile LLC, 17195 US 44 Suite 111",East,Florida,117 - Lady Lake,29,87,29,116,7,3,0,100.00%,100.00%,87.50%,71,181,2,0,220,0,0,177,3,177,0,0,220,0,0,0,0,0,0,0,0,0,0,0,0,1,5,9,0,0,101,0,0,72,15,117,33,126,5,12,23,5,9,0,54,3,8,12,6,3,0,32,296,296,296,0,0
67,"February, 2018",0166,80193166," Sun Com Mobile LLC, 2494 W State Road 434",East,Florida,059 - Orlando,13,7,7,20,2,2,0,100.00%,100.00%,100.00%,5,29,5,1,30,0,0,24,2,23,0,0,30,0,0,0,0,0,0,0,0,0,0,0,0,1,3,0,0,0,16,0,0,10,3,15,6,23,1,6,0,3,1,0,11,0,4,0,2,0,0,6,39,39,39,0,0
68,"February, 2018",0167,80193167," Sun Com Mobile LLC, 11582 N Williams St Ste 501",East,Florida,824 - Ocala,17,22,14,39,2,1,0,100.00%,100.00%,100.00%,16,41,0,0,58,0,0,51,0,51,0,0,58,0,0,0,0,0,0,0,0,0,0,0,0,1,2,4,0,0,24,8,0,25,6,25,8,43,5,3,2,0,10,0,20,0,0,6,0,4,0,10,85,85,85,0,0
69,"February, 2018",0168,80193168," Sun Com Mobile LLC, 8733 Marbach Rd",Central,South Texas,TON - SAN ANTONIO,33,67,23,100,8,6,0,62.50%,12.50%,-12.50%,37,137,69,1,156,0,0,148,4,147,0,0,160,0,0,0,0,0,0,0,0,0,0,0,0,3,7,7,0,0,72,11,0,25,5,75,19,108,5,27,13,13,2,0,60,2,8,4,2,1,0,17,267,267,267,0,0
70,"February, 2018",0169,80193169," Sun Com Mobile LLC, 8219 Marbach Rd",Central,South Texas,TON - SAN ANTONIO,13,4,3,17,3,3,0,100.00%,100.00%,100.00%,8,44,2,0,44,0,0,35,0,35,0,0,45,0,0,0,0,0,0,0,0,0,0,0,0,0,4,2,0,0,7,4,0,14,3,36,8,40,2,2,0,2,0,0,6,0,0,1,3,0,0,4,263,263,263,0,0
71,"February, 2018",0170,80193170," Sun Com Mobile LLC, 2130 Culebra Rd",Central,South Texas,TON - SAN ANTONIO,21,27,9,48,5,2,0,60.00%,50.00%,40.00%,11,81,1,0,85,0,0,71,0,70,0,0,87,0,0,0,0,0,0,0,0,0,0,0,0,2,8,5,0,0,28,5,0,16,4,53,17,78,0,9,9,4,0,0,22,0,12,5,0,0,0,17,447,447,447,0,0
72,"February, 2018",0171,80193171," Sun Com Mobile LLC, 3323 SE Military Dr",Central,South Texas,TON - SAN ANTONIO,9,10,3,19,1,1,0,100.00%,100.00%,100.00%,5,34,0,0,35,0,0,29,1,29,0,0,35,0,0,0,0,0,0,0,0,0,0,0,0,0,3,1,0,0,10,5,0,16,0,22,10,32,0,6,1,0,0,0,7,0,0,1,0,0,0,1,219,219,219,0,0
73,"February, 2018",0172,80193172," Sun Com Mobile LLC, 6818 S Zarzamora St",Central,South Texas,TON - SAN ANTONIO,14,33,13,47,5,4,0,80.00%,75.00%,66.67%,24,80,17,2,99,0,0,78,2,78,0,0,100,0,0,0,0,0,0,0,0,0,0,0,0,2,4,3,0,0,34,4,0,18,7,64,18,73,0,11,0,9,1,0,21,1,5,3,2,0,0,11,293,293,293,0,0
74,"February, 2018",0173,80193173," Sun Com Mobile LLC, 14087 Oconnor Rd",Central,South Texas,TON - SAN ANTONIO,19,17,8,36,1,0,0,100.00%,100.00%,50.00%,14,58,11,0,59,1,0,50,2,50,0,0,59,0,0,0,0,0,0,0,0,0,1,0,0,1,7,3,0,0,15,10,0,18,4,33,16,47,0,6,5,0,3,0,14,0,8,1,1,1,0,11,139,139,139,0,0
75,"February, 2018",0174,80193174," Sun Com Mobile LLC, 304 Farm Rd 78",Central,South Texas,TON - SAN ANTONIO,5,14,3,19,1,1,0,100.00%,100.00%,100.00%,9,51,0,0,52,0,0,41,0,41,0,0,54,0,0,0,0,0,0,0,0,0,0,0,0,0,2,0,0,0,14,3,0,14,3,44,7,36,0,2,1,2,1,0,6,0,2,0,1,2,0,5,206,206,206,0,0
76,"February, 2018",0175,80193175," Sun Com Mobile LLC, 596 State Highway 16 S",Central,South Texas,DLY - DILLEY,12,16,6,28,1,1,0,-100.00%,100.00%,0.00%,7,40,0,0,47,0,0,36,1,35,0,0,49,0,0,0,0,0,0,0,0,0,0,0,0,1,3,8,0,0,8,8,0,14,4,25,5,33,0,2,5,0,0,0,7,0,4,0,1,0,0,5,156,156,156,0,0
77,"February, 2018",0176,80193176," Sun Com Mobile LLC, 602 10th St Ste 105",Central,South Texas,FLR - FLORESVILLE,22,62,22,84,6,2,0,100.00%,100.00%,87.50%,35,131,9,0,156,0,0,150,12,147,0,0,159,0,0,0,0,0,0,0,0,0,0,0,0,1,5,2,0,0,71,5,0,26,4,84,13,111,10,8,8,0,2,0,28,0,8,3,1,2,0,14,412,412,412,0,0
78,"February, 2018",0177,80193177," Sun Com Mobile LLC, 2118 S Zarzamora St Ste 450",Central,South Texas,TON - SAN ANTONIO,24,12,7,36,1,0,0,100.00%,100.00%,100.00%,25,65,0,0,73,0,0,64,0,64,0,0,74,0,0,0,0,0,0,0,0,0,0,0,0,4,1,3,0,0,13,15,0,19,0,49,3,69,0,3,6,0,1,0,10,0,13,2,1,0,0,16,405,405,405,0,0
79,"February, 2018",0178,80193178," Sun Com Mobile LLC, 3705 E Rosedale St",Central,North Texas,DFW - DALLAS,12,22,3,34,4,2,0,50.00%,100.00%,60.00%,31,42,0,1,47,0,0,45,3,45,0,0,47,0,0,0,0,0,0,0,0,0,0,0,0,0,0,1,0,0,23,10,0,4,2,13,7,33,0,19,6,2,0,0,27,0,7,2,1,0,0,10,134,134,134,0,0
80,"February, 2018",0179,80193179," Sun Com Mobile LLC, 2110 N Galloway Ave Ste 109",Central,North Texas,DFW - DALLAS,11,43,11,54,0,0,0,0.00%,0.00%,0.00%,28,73,0,0,85,0,0,74,0,74,0,0,85,0,0,0,0,0,0,0,0,0,0,0,0,0,3,8,0,0,39,4,0,24,4,34,11,52,2,21,7,5,1,0,36,0,7,7,1,0,0,15,130,130,130,0,0
81,"February, 2018",0180,80193180," Sun Com Mobile LLC, 1515 N Cockrell Hill Rd Ste A116",Central,North Texas,DFW - DALLAS,18,49,19,67,2,1,0,100.00%,100.00%,100.00%,15,80,0,0,99,0,0,85,2,85,0,0,99,0,0,0,0,0,0,0,0,0,0,0,0,0,7,6,0,0,53,1,0,13,7,41,7,75,11,9,4,5,0,0,29,0,15,2,3,2,0,22,195,195,195,0,0
82,"February, 2018",0181,80193181," Sun Com Mobile LLC, 11087 Northwest Fwy",Central,South Texas,HTH - HOUSTON,21,32,14,53,0,0,0,0.00%,0.00%,0.00%,27,83,38,8,101,0,0,96,1,94,0,0,107,0,0,0,0,0,0,0,0,0,0,0,0,0,6,3,0,0,40,4,0,17,6,63,43,81,0,11,4,9,2,0,26,0,5,3,6,3,0,17,247,247,247,0,0
83,"February, 2018",0182,80193182," Sun Com Mobile LLC, 13110 FM 529 Rd",Central,South Texas,HTH - HOUSTON,0,0,0,0,0,0,0,0.00%,0.00%,0.00%,0,0,0,0,0,0,0,0,0,0,0,0,0,0,0,0,0,0,0,0,0,0,0,0,0,0,0,0,0,0,0,0,0,9,2,0,1,0,0,0,0,0,0,0,0,0,2,3,2,2,0,9,0,0,0,0,0
84,"February, 2018",0183,80193183," Sun Com Mobile LLC, 1310 General Cavazos Blvd Ste A",Central,South Texas,RIV - RIVIERA,16,60,25,76,3,2,0,100.00%,100.00%,50.00%,27,102,15,1,137,0,0,120,4,119,0,0,137,0,0,0,0,0,0,0,0,0,0,0,0,2,3,3,0,0,62,6,0,28,2,79,21,95,15,8,9,5,0,0,37,3,6,2,0,2,0,13,296,296,296,0,0
85,"February, 2018",0184,80193184," Sun Com Mobile LLC, 6823 N Habana Ave",East,Florida,832 - Tampa,0,0,0,0,0,0,0,0.00%,0.00%,0.00%,0,0,0,0,0,0,0,0,0,0,0,0,0,0,0,0,0,0,0,0,0,0,0,0,0,0,0,0,0,0,0,0,0,0,0,0,0,0,0,0,0,0,0,0,0,0,1,0,0,0,0,1,0,0,0,0,0
86,"February, 2018",0184,80193184," Sun Com Mobile LLC, 6823 N Habana Ave",Unknown,Unknown,Unknown,0,0,0,0,0,0,0,0.00%,0.00%,0.00%,0,0,0,0,0,0,0,0,0,0,0,0,0,0,0,0,0,0,0,0,0,0,0,0,0,0,0,0,0,0,0,0,0,0,0,0,0,0,0,0,0,0,0,0,0,0,0,0,0,0,0,0,0,0,0,0,0
87,"February, 2018",0185,80193185," Sun Com Mobile LLC, 7802 Rideout Rd Unit 3",East,Florida,832 - Tampa,0,0,0,0,0,0,0,0.00%,0.00%,0.00%,0,0,0,0,0,0,0,0,0,0,0,0,0,0,0,0,0,0,0,0,0,0,0,0,0,0,0,0,0,0,0,0,0,0,0,0,0,0,0,0,0,0,0,0,0,0,0,0,0,0,0,0,0,0,0,0,0
88,"February, 2018",0185,80193185," Sun Com Mobile LLC, 7802 Rideout Rd Unit 3",Unknown,Unknown,Unknown,0,0,0,0,0,0,0,0.00%,0.00%,0.00%,0,0,0,0,0,0,0,0,0,0,0,0,0,0,0,0,0,0,0,0,0,0,0,0,0,0,0,0,0,0,0,0,0,0,0,0,0,0,0,0,0,0,0,0,0,0,0,0,0,0,0,0,0,0,0,0,0
89,"February, 2018",0186,80193186," Sun Com Mobile LLC, 8501 N Florida Ave",East,Florida,832 - Tampa,14,10,6,24,1,1,0,100.00%,100.00%,100.00%,3,34,0,0,28,0,0,21,2,21,0,0,28,0,0,0,0,0,0,0,0,0,0,0,0,0,11,2,0,0,11,0,0,18,5,18,2,33,0,8,1,0,0,0,9,1,9,1,2,0,0,13,117,117,117,0,0
90,"February, 2018",0186,80193186," Sun Com Mobile LLC, 8501 N Florida Ave",Unknown,Unknown,Unknown,0,0,0,0,0,0,0,0.00%,0.00%,0.00%,0,0,0,0,0,0,0,0,0,0,0,0,0,0,0,0,0,0,0,0,0,0,0,0,0,0,0,0,0,0,0,0,0,0,0,0,0,0,0,0,0,0,0,0,0,0,0,0,0,0,0,0,0,0,0,0,0
91,"February, 2018",0187,80193187," Sun Com Mobile LLC, 1913 E Bearss Ave Ste 100A",East,Florida,832 - Tampa,14,22,15,36,1,0,0,100.00%,100.00%,50.00%,4,40,0,0,53,0,0,39,0,39,0,0,53,0,0,0,0,0,0,0,0,0,0,0,0,0,1,9,0,0,21,5,0,11,6,22,5,42,3,6,3,2,4,0,18,0,5,10,2,0,0,17,148,148,148,0,0
92,"February, 2018",0187,80193187," Sun Com Mobile LLC, 1913 E Bearss Ave Ste 100A",Unknown,Unknown,Unknown,0,0,0,0,0,0,0,0.00%,0.00%,0.00%,0,0,0,0,0,0,0,0,0,0,0,0,0,0,0,0,0,0,0,0,0,0,0,0,0,0,0,0,0,0,0,0,0,0,0,0,0,0,0,0,0,0,0,0,0,0,0,0,0,0,0,0,0,0,0,0,0
93,"February, 2018",0188,80193188," Sun Com Mobile LLC, 8486 W Hillsborough Ave",East,Florida,832 - Tampa,15,34,14,49,2,2,0,100.00%,0.00%,66.67%,4,54,0,0,62,0,0,51,1,51,0,0,62,0,0,0,0,0,0,0,0,0,0,0,0,0,9,3,0,0,35,2,0,5,5,23,8,35,0,25,2,3,4,0,34,0,10,4,3,0,0,17,69,69,69,0,0
94,"February, 2018",0188,80193188," Sun Com Mobile LLC, 8486 W Hillsborough Ave",Unknown,Unknown,Unknown,0,0,0,0,0,0,0,0.00%,0.00%,0.00%,0,0,0,0,0,0,0,0,0,0,0,0,0,0,0,0,0,0,0,0,0,0,0,0,0,0,0,0,0,0,0,0,0,0,0,0,0,0,0,0,0,0,0,0,0,0,0,0,0,0,0,0,0,0,0,0,0
95,"February, 2018",0189,80193189," Sun Com Mobile LLC, 18455 N US Highway 41",East,Florida,832 - Tampa,1,0,1,1,0,0,0,0.00%,0.00%,0.00%,0,0,0,0,1,0,0,1,0,1,0,0,1,0,0,0,0,0,0,0,0,0,0,0,0,0,0,0,0,0,0,1,0,10,1,0,3,1,0,0,0,0,0,0,0,0,3,0,0,0,0,3,3,3,3,0,0
96,"February, 2018",0189,80193189," Sun Com Mobile LLC, 18455 N US Highway 41",Unknown,Unknown,Unknown,0,0,0,0,0,0,0,0.00%,0.00%,0.00%,0,0,0,0,0,0,0,0,0,0,0,0,0,0,0,0,0,0,0,0,0,0,0,0,0,0,0,0,0,0,0,0,0,0,0,0,0,0,0,0,0,0,0,0,0,0,0,0,0,0,0,0,0,0,0,0,0
97,"February, 2018",0190,80193190," Sun Com Mobile LLC, 3784 Tampa Rd Ste 1",East,Florida,832 - Tampa,0,0,0,0,0,0,0,0.00%,0.00%,0.00%,0,0,0,0,0,0,0,0,0,0,0,0,0,0,0,0,0,0,0,0,0,0,0,0,0,0,0,0,0,0,0,0,0,9,5,0,1,0,0,0,0,0,0,0,0,0,1,2,0,2,0,5,0,0,0,0,0
98,"February, 2018",0190,80193190," Sun Com Mobile LLC, 3784 Tampa Rd Ste 1",Unknown,Unknown,Unknown,0,0,0,0,0,0,0,0.00%,0.00%,0.00%,0,0,0,0,0,0,0,0,0,0,0,0,0,0,0,0,0,0,0,0,0,0,0,0,0,0,0,0,0,0,0,0,0,0,0,0,0,0,0,0,0,0,0,0,0,0,0,0,0,0,0,0,0,0,0,0,0
99,"February, 2018",0191,80193191," Sun Com Mobile LLC, 5320 TX-359 Ste 101",Central,South Texas,LRD - LAREDO,15,29,17,44,2,2,0,0.00%,100.00%,50.00%,35,68,0,0,88,0,0,80,2,80,0,0,89,0,0,0,0,0,0,0,0,0,0,0,0,1,2,3,0,0,34,4,0,20,8,48,15,57,0,14,0,0,0,0,14,0,3,2,1,0,0,6,312,312,312,0,0
100,"February, 2018",0192,80193192," Sun Com Mobile LLC, 1422 Alton Rd",East,Florida,021 - Miami/West Palm Beach,0,0,0,0,0,0,0,0.00%,0.00%,0.00%,0,0,0,0,0,0,0,0,0,0,0,0,0,0,0,0,0,0,0,0,0,0,0,0,0,0,0,0,0,0,0,0,0,0,0,0,0,0,0,0,0,0,0,0,0,0,0,0,0,0,0,0,0,0,0,0,0
101,"February, 2018",0193,80193193," Sun Com Mobile LLC, 1690B NE Miami Gardens Drive",East,Florida,021 - Miami/West Palm Beach,0,0,0,0,0,0,0,0.00%,0.00%,0.00%,0,0,0,0,0,0,0,0,0,0,0,0,0,0,0,0,0,0,0,0,0,0,0,0,0,0,0,0,0,0,0,0,0,0,0,0,0,0,0,0,0,0,0,0,0,0,0,0,0,0,0,0,0,0,0,0,0
102,"February, 2018",0194,80193194," Sun Com Mobile LLC, 7935 Biscayne Blvd",East,Florida,021 - Miami/West Palm Beach,36,19,12,55,1,0,0,100.00%,100.00%,-100.00%,20,65,35,3,56,0,0,47,3,46,0,0,56,0,0,0,0,0,0,0,0,0,0,0,0,2,15,6,0,0,25,7,0,12,2,22,23,56,3,11,4,4,0,0,22,1,7,1,3,1,0,13,105,105,105,0,0
103,"February, 2018",0195,80193195," Sun Com Mobile LLC, 1874 N Young Cir",East,Florida,021 - Miami/West Palm Beach,22,16,12,38,5,4,0,60.00%,100.00%,66.67%,5,44,0,0,45,0,0,34,1,33,0,0,45,0,0,0,0,0,0,0,0,0,0,0,0,3,9,5,0,0,15,6,0,7,4,21,17,47,1,10,1,2,0,0,14,0,8,1,0,0,0,9,62,62,62,0,0
104,"February, 2018",0196,80193196," Sun Com Mobile LLC, 2309 N Federal Hwy",East,Florida,021 - Miami/West Palm Beach,21,25,8,46,1,1,0,100.00%,100.00%,100.00%,11,58,0,0,58,0,0,40,0,39,0,0,58,0,0,0,0,0,0,0,0,0,0,0,0,0,8,9,0,0,26,3,0,7,3,21,12,47,0,15,1,8,2,0,26,0,6,5,3,0,0,14,57,57,57,0,0
105,"February, 2018",0197,80193197," Sun Com Mobile LLC, 1008 W Oakland Park Blvd",East,Florida,021 - Miami/West Palm Beach,32,19,15,51,4,1,0,100.00%,50.00%,40.00%,5,64,0,0,72,0,0,55,1,55,0,0,72,0,0,0,0,0,0,0,0,0,0,0,0,2,5,12,0,0,27,5,0,11,3,30,13,58,0,10,5,5,1,0,21,0,11,2,3,0,0,16,83,83,83,0,0
106,"February, 2018",0198,80193198," Sun Com Mobile LLC, 1865 S University Dr Ste 3A",East,Florida,021 - Miami/West Palm Beach,12,12,14,24,4,4,0,100.00%,100.00%,100.00%,11,30,3,2,34,0,0,23,0,23,0,0,35,0,0,0,0,0,0,0,0,0,0,0,0,0,5,2,0,0,12,5,0,15,5,17,10,30,1,5,3,1,2,0,12,0,4,0,2,2,0,8,23,23,23,0,0
107,"February, 2018",0199,80193199," Sun Com Mobile LLC, 7439 Collins Ave",East,Florida,021 - Miami/West Palm Beach,20,12,17,32,2,2,0,100.00%,100.00%,50.00%,9,43,0,0,51,0,0,44,1,44,0,0,51,0,0,0,0,0,0,0,0,0,0,0,0,0,2,4,0,0,24,2,0,8,1,27,5,40,0,7,0,2,0,0,9,0,2,0,2,0,0,4,58,58,58,0,0
108,"February, 2018",0200,80193200," Sun Com Mobile LLC, 2704 N University Dr",East,Florida,021 - Miami/West Palm Beach,20,34,20,54,6,2,0,100.00%,75.00%,33.33%,11,55,0,0,71,0,0,51,0,51,0,0,70,0,0,0,0,0,0,0,0,0,0,0,0,0,1,14,0,0,32,7,0,14,3,20,14,48,2,14,11,3,0,0,30,0,4,8,6,0,0,18,34,34,34,0,0
109,"February, 2018",0201,80193201," Sun Com Mobile LLC, 5448 N University Dr",East,Florida,021 - Miami/West Palm Beach,20,31,16,51,3,3,0,100.00%,100.00%,100.00%,7,60,0,0,63,0,0,49,2,48,0,0,63,0,0,0,0,0,0,0,0,0,0,0,0,1,10,8,0,0,29,3,0,10,5,24,12,43,1,19,2,4,1,0,27,1,5,3,2,0,0,11,54,54,54,0,0
110,"February, 2018",0202,80193202," Sun Com Mobile LLC, 3260 W Hillsboro Blvd",East,Florida,021 - Miami/West Palm Beach,11,8,8,19,0,0,0,0.00%,0.00%,0.00%,4,29,0,0,34,0,0,25,1,24,0,0,34,0,0,0,0,0,0,0,0,0,0,0,0,1,1,4,0,0,11,2,0,16,5,20,11,26,1,5,1,2,0,0,9,1,1,4,1,1,0,8,51,51,51,0,0
111,"February, 2018",0203,80193203," Sun Com Mobile LLC, 23009 State Road 7",East,Florida,021 - Miami/West Palm Beach,19,21,12,40,4,4,0,100.00%,33.33%,60.00%,10,54,0,0,48,1,0,37,1,37,0,0,48,0,0,0,0,0,0,0,0,0,0,0,0,0,10,3,0,0,25,2,0,9,2,23,10,37,4,8,0,2,2,0,16,0,7,6,0,2,0,15,56,56,56,0,0
112,"February, 2018",0204,80193204," Sun Com Mobile LLC, 7010 W Highway 71 Ste 340",Central,South Texas,AST - AUSTIN,16,14,9,30,1,1,0,100.00%,100.00%,100.00%,10,35,0,0,36,3,0,30,1,30,0,0,36,1,0,0,0,0,1,0,1,0,0,0,0,1,6,3,0,0,16,4,0,9,3,13,7,31,5,4,1,0,1,0,11,0,1,1,3,1,0,6,132,132,132,0,0
113,"February, 2018",0205,80193205," Sun Com Mobile LLC, 409 W Front St Ste 140",Central,South Texas,AST - AUSTIN,3,8,3,11,1,0,0,100.00%,50.00%,100.00%,3,23,0,0,27,0,0,22,1,22,0,0,27,0,0,0,0,0,0,0,0,0,0,0,0,0,1,0,0,0,8,2,0,3,0,18,2,19,2,0,0,2,0,0,4,0,0,0,0,0,0,0,46,46,46,0,0
114,"February, 2018",0206,80193206," Sun Com Mobile LLC, 1750 Sunshadow Dr Ste 110",East,Florida,059 - Orlando,0,0,0,0,0,0,0,0.00%,0.00%,0.00%,0,0,0,0,0,0,0,0,0,0,0,0,0,0,0,0,0,0,0,0,0,0,0,0,0,0,0,0,0,0,0,0,0,0,0,0,0,0,0,0,0,0,0,0,0,0,0,0,0,0,0,0,0,0,0,0,0
115,"February, 2018",0207,80193207," Sun Com Mobile LLC, 9590 SW Highway 200 Ste 100",East,Florida,824 - Ocala,23,30,14,53,5,3,0,60.00%,60.00%,40.00%,43,55,0,0,65,1,0,53,3,52,0,0,65,0,0,0,0,0,0,0,1,0,0,0,0,2,5,4,0,0,41,1,0,7,5,21,20,50,3,8,6,0,12,1,30,0,3,2,0,2,0,7,52,52,52,0,0
116,"February, 2018",0208,80193208," Sun Com Mobile LLC, 6601 Everhart Rd Ste H3",Central,South Texas,CRI - CORPUS CHRISTI,7,16,5,23,1,1,0,100.00%,100.00%,100.00%,18,50,0,0,54,0,0,47,1,47,0,0,55,0,0,0,0,0,0,0,0,0,0,0,0,0,0,1,0,0,17,5,0,5,2,34,5,34,6,2,4,4,0,0,16,0,1,1,0,1,0,3,98,98,98,0,0
117,"February, 2018",0209,80193209," Sun Com Mobile LLC, 2800 S Bagdad Rd Ste D",Central,South Texas,AST - AUSTIN,9,23,10,32,2,2,0,100.00%,0.00%,-25.00%,4,39,0,0,49,0,0,41,3,41,0,0,49,0,0,0,0,0,0,0,0,0,0,0,0,0,6,1,0,0,23,2,0,5,2,25,3,31,5,6,0,3,2,0,16,0,1,2,1,0,0,4,78,78,78,0,0
118,"February, 2018",0210,80193210," Sun Com Mobile LLC, 42653 US Highway 27 N",East,Florida,"818 - Lakeland, FL",0,0,0,0,0,0,0,0.00%,0.00%,0.00%,0,0,0,0,0,0,0,0,0,0,0,0,0,0,0,0,0,0,0,0,0,0,0,0,0,0,0,0,0,0,0,0,0,0,0,0,0,0,0,0,0,0,0,0,0,0,0,0,0,0,0,0,0,0,0,0,0
119,"February, 2018",0211,80193211," Sun Com Mobile LLC, 2911 E Colonial Dr Ste 3",East,Florida,059 - Orlando,15,20,10,35,2,2,0,100.00%,100.00%,100.00%,5,40,0,0,44,0,0,37,0,37,0,0,44,0,0,0,0,0,0,0,0,0,0,0,0,0,8,1,0,0,22,4,0,14,7,17,7,29,6,6,3,7,4,0,26,4,0,1,8,0,0,13,52,52,52,0,0
120,"February, 2018",0212,80193212," Sun Com Mobile LLC, 4072 N Goldenrod Road",East,Florida,059 - Orlando,7,18,3,25,2,2,0,0.00%,0.00%,0.00%,7,32,0,0,37,0,0,28,0,28,0,0,37,0,0,0,0,0,0,0,0,0,0,0,0,0,1,3,0,0,21,0,0,14,4,16,5,28,1,11,1,3,2,0,18,0,6,1,1,0,0,8,38,38,38,0,0
121,"February, 2018",0213,80193213," Sun Com Mobile LLC, 322 N Alafaya Trl",East,Florida,059 - Orlando,16,30,28,46,1,1,0,100.00%,100.00%,100.00%,31,49,0,0,76,0,0,52,2,51,0,0,76,0,0,0,0,0,0,0,0,0,0,0,0,0,6,5,0,0,31,4,0,16,3,37,16,45,2,3,2,5,4,0,16,1,1,5,4,2,0,13,38,38,38,0,0
122,"February, 2018",0214,80193214," Sun Com Mobile LLC, 2920 W New Haven Ave",East,Florida,020 - Melbourne,11,13,17,24,2,1,0,100.00%,50.00%,0.00%,6,30,0,0,35,1,0,21,1,19,0,0,35,0,0,0,0,0,0,0,0,0,0,0,0,0,10,7,0,0,4,3,0,16,4,23,10,28,0,3,2,0,3,0,8,1,6,5,0,0,0,12,69,69,69,0,0
123,"February, 2018",0215,80193215," Sun Com Mobile LLC, 1866 US Highway 1",East,Florida,020 - Melbourne,17,18,15,35,3,2,0,100.00%,66.67%,-33.33%,12,34,0,0,40,0,0,29,1,29,0,0,40,0,0,0,0,0,0,0,0,0,0,0,0,0,11,3,0,0,20,1,0,11,2,17,10,33,7,6,1,0,2,0,16,1,4,2,0,1,0,8,91,91,91,0,0
124,"February, 2018",0216,80193216," Sun Com Mobile LLC, 4680 Millenia Plaza Way",East,Florida,059 - Orlando,21,28,26,49,0,0,0,0.00%,0.00%,0.00%,10,42,0,0,63,0,0,46,0,46,0,0,64,0,0,0,0,0,0,0,0,0,0,0,0,0,8,3,0,0,36,2,0,20,9,24,10,46,2,5,0,10,0,0,17,3,2,3,5,0,1,14,49,49,49,0,0
125,"February, 2018",0217,80193217," Sun Com Mobile LLC, 2200 S Chickasaw Trl",East,Florida,059 - Orlando,16,19,13,35,3,1,0,100.00%,100.00%,100.00%,5,32,8,0,43,0,0,34,0,33,0,0,43,0,0,0,0,0,0,0,0,0,0,0,0,1,4,4,0,0,21,5,0,10,1,13,14,33,1,2,8,2,1,0,14,0,2,0,0,1,0,3,31,31,31,0,0
126,"February, 2018",0218,80193218," Sun Com Mobile LLC, 91 E Merritt Island Cswy",East,Florida,020 - Melbourne,35,45,38,80,4,3,0,75.00%,33.33%,100.00%,16,108,2,0,139,1,1,109,1,109,0,0,140,0,0,0,0,0,0,0,0,1,0,0,0,0,7,13,0,0,47,13,0,41,7,73,24,89,17,13,5,2,3,0,40,1,5,6,2,2,0,16,177,177,177,0,0
127,"February, 2018",0219,80193219," Sun Com Mobile LLC, 226 N Orange Blossom Trl",East,Florida,059 - Orlando,0,0,0,0,0,0,0,0.00%,0.00%,0.00%,0,0,0,0,0,0,0,0,0,0,0,0,0,0,0,0,0,0,0,0,0,0,0,0,0,0,0,0,0,0,0,0,0,0,0,0,0,0,0,0,0,0,0,0,0,0,0,0,0,0,0,0,0,0,0,0,0
128,"February, 2018",0220,80193220," Sun Com Mobile LLC, 1620 13th St",East,Florida,059 - Orlando,25,33,25,58,2,0,0,0.00%,0.00%,100.00%,21,74,0,1,94,0,0,71,1,71,0,0,94,0,0,0,0,0,0,0,0,0,0,0,0,2,4,2,0,0,47,3,0,16,5,45,23,64,7,7,10,3,6,0,33,0,4,1,1,2,0,8,111,111,111,0,0
129,"February, 2018",0221,80193221," Sun Com Mobile LLC, 5043 Tuttle Crossing Blvd Unit 17",East,Ohio /Pennsylvania,"CLB - COLUMBUS (5, 6)",0,0,0,0,0,0,0,0.00%,0.00%,0.00%,0,0,0,0,0,0,0,0,0,0,0,0,0,0,0,0,0,0,0,0,0,0,0,0,0,0,0,0,0,0,0,0,0,0,0,0,0,0,0,0,0,0,0,0,0,0,0,0,0,0,0,0,0,0,0,0,0
130,"February, 2018",0222,80193222," Sun Com Mobile LLC, 1627 S Conway Rd Ste 1",East,Florida,059 - Orlando,8,20,2,28,1,1,0,100.00%,100.00%,0.00%,3,45,0,0,41,0,0,27,1,27,0,0,41,0,0,0,0,0,0,0,0,0,0,0,0,0,5,4,0,0,19,0,0,3,3,19,3,27,2,3,5,4,0,0,14,0,12,0,2,0,0,14,60,60,60,0,0
131,"February, 2018",0223,80193223," Sun Com Mobile LLC, 2800 S Bagdad Rd Ste D",Central,South Texas,AST - AUSTIN,0,0,0,0,0,0,0,0.00%,0.00%,0.00%,0,0,0,0,0,0,0,0,0,0,0,0,0,0,0,0,0,0,0,0,0,0,0,0,0,0,0,0,0,0,0,0,0,0,0,0,0,0,0,0,0,0,0,0,0,0,0,0,0,0,0,0,0,0,0,0,0
132,"February, 2018",0224,80193224," Sun Com Mobile LLC, 5190 Aldine Mail Rd",Central,South Texas,HTH - HOUSTON,26,70,7,96,12,8,0,91.67%,40.00%,41.67%,89,147,89,7,166,0,0,152,2,151,0,0,168,0,0,0,0,0,0,0,0,0,0,0,0,1,3,1,0,0,81,10,0,14,5,82,85,106,1,18,32,13,2,0,66,0,12,10,5,2,0,29,366,366,366,0,0
133,"February, 2018",0225,80193225," Sun Com Mobile LLC, 10909 Webb Chapel Rd Ste 116",Central,North Texas,DFW - DALLAS,16,23,10,39,0,0,0,0.00%,0.00%,0.00%,9,50,0,0,53,0,0,50,1,50,0,0,53,0,0,0,0,2,0,0,0,0,0,0,0,0,8,0,0,0,24,7,0,9,5,22,13,43,1,12,8,1,0,0,22,0,7,3,2,0,0,12,184,184,184,0,0
134,"February, 2018",0226,80193226," Sun Com Mobile LLC, 900 N Walnut Creek Dr Ste 101",Central,North Texas,DFW - DALLAS,16,32,17,48,3,0,0,66.67%,66.67%,75.00%,26,54,0,0,61,0,0,57,1,57,0,0,61,0,0,0,0,0,0,0,0,0,0,0,0,1,4,4,0,0,35,4,0,4,3,22,7,43,9,16,3,2,3,0,33,1,7,7,1,1,0,17,85,85,85,0,0
135,"February, 2018",0227,80193227," Sun Com Mobile LLC, 12700 Midway Rd Ste 104",Central,North Texas,DFW - DALLAS,0,0,0,0,0,0,0,0.00%,0.00%,0.00%,0,0,0,0,0,0,0,0,0,0,0,0,0,0,0,0,0,0,0,0,0,0,0,0,0,0,0,0,0,0,0,0,0,0,0,0,0,0,0,0,0,0,0,0,0,0,0,0,0,0,0,0,0,0,0,0,0
136,"February, 2018",0228,80193228," Sun Com Mobile LLC, 1855 NE 185th St. #10",East,Florida,021 - Miami/West Palm Beach,21,17,13,38,1,1,0,100.00%,100.00%,100.00%,3,46,0,0,39,1,0,33,0,33,0,0,39,1,0,0,0,0,0,0,0,0,0,0,0,0,13,3,0,0,16,6,0,5,1,14,12,33,2,13,1,3,2,0,21,0,3,1,3,0,0,7,27,27,27,0,0
137,"February, 2018",0229,80193229," Sun Com Mobile LLC, 6802 Stirling Rd",East,Florida,021 - Miami/West Palm Beach,18,22,18,40,1,1,0,100.00%,100.00%,50.00%,9,38,0,1,47,0,0,39,3,39,0,0,47,0,0,0,0,0,0,0,0,0,0,0,0,1,5,5,0,0,25,4,0,4,1,17,12,37,3,8,3,2,0,0,16,0,5,0,0,0,0,5,62,62,62,0,0
138,"February, 2018",0230,80193230," Sun Com Mobile LLC, 283 E Eau Gallie Blvd",East,Florida,020 - Melbourne,6,7,6,13,3,2,0,66.67%,66.67%,66.67%,6,18,0,0,22,0,0,14,0,14,0,0,22,0,0,0,0,0,0,0,0,0,0,0,0,0,5,0,0,0,7,1,0,7,3,15,6,17,4,1,0,0,0,0,5,0,2,0,0,0,0,2,33,33,33,0,0
139,"February, 2018",0231,80193231," Sun Com Mobile LLC, 450078 State Road 200 Ste 7A",East,Florida,056 - Jacksonville,0,0,0,0,0,0,0,0.00%,0.00%,0.00%,0,0,0,0,0,0,0,0,0,0,0,0,0,0,0,0,0,0,0,0,0,0,0,0,0,0,0,0,0,0,0,0,0,0,0,0,0,0,0,0,0,0,0,0,0,0,0,0,0,0,0,0,0,0,0,0,0
140,"February, 2018",0232,80193232," Sun Com Mobile LLC, 7803 Palm River Rd",East,Florida,832 - Tampa,21,31,12,52,0,0,0,0.00%,0.00%,0.00%,22,57,0,0,71,0,0,56,0,56,0,0,71,0,0,0,0,0,0,0,0,0,0,0,0,1,7,6,0,0,30,8,0,14,6,32,5,57,2,17,6,4,0,0,29,0,11,6,1,0,0,18,88,88,88,0,0
141,"February, 2018",0233,80193233," Sun Com Mobile LLC, 2608 Main St Unit G",East,Georgia/South Carolina,721 - Myrtle Beach,32,88,21,120,7,7,0,57.14%,57.14%,50.00%,78,184,96,5,206,0,0,175,5,175,0,0,207,0,0,0,0,0,0,0,0,0,0,0,0,0,2,7,0,0,111,0,0,55,10,94,33,141,11,7,8,8,24,0,58,0,2,4,5,2,0,13,224,224,224,0,0
142,"February, 2018",0234,80193234," Sun Com Mobile LLC, 5022 Dick Pond Rd",East,Georgia/South Carolina,721 - Myrtle Beach,29,80,19,109,9,7,0,55.56%,83.33%,63.64%,71,171,133,7,187,1,0,173,4,173,0,0,193,0,0,0,0,0,0,0,1,0,0,0,0,0,4,3,0,0,101,1,0,33,14,89,20,112,9,11,7,17,9,0,53,0,4,3,1,4,0,12,185,185,185,0,0
143,"February, 2018",0235,80193235," Sun Com Mobile LLC, 4220 Williamson Rd NW",East,Mid-Atlantic States,"ROA - ROANOKE, VA",0,0,0,0,0,0,0,0.00%,0.00%,0.00%,0,0,0,0,0,0,0,0,0,0,0,0,0,0,0,0,0,0,0,0,0,0,0,0,0,0,0,0,0,0,0,0,0,1,0,0,0,0,0,0,0,0,0,0,0,0,0,0,0,0,0,0,0,0,0,0,0
144,"February, 2018",0236,80193236," Sun Com Mobile LLC, 321 Gate City Hwy Ste A",East,Heartland States,718 - Tri Cities,13,18,5,31,5,5,0,80.00%,100.00%,80.00%,31,43,37,1,38,0,0,32,2,32,0,0,41,0,0,0,0,0,0,0,0,0,0,0,0,0,8,2,0,0,21,0,0,7,1,21,11,34,2,10,1,2,6,0,21,0,4,0,1,1,0,6,49,49,49,0,0
145,"February, 2018",0237,80193237," Sun Com Mobile LLC, 1344 Asheville Hwy",East,Mid-Atlantic States,702 - Asheville/Hendersonvill,20,43,17,63,2,2,0,100.00%,100.00%,66.67%,17,87,1,0,92,0,0,81,2,81,0,0,94,0,0,0,0,0,0,0,0,0,0,0,0,2,11,4,0,0,41,5,0,16,5,46,9,56,0,8,1,0,7,3,19,0,1,1,0,0,0,2,120,120,120,0,0
146,"February, 2018",0238,80193238," Sun Com Mobile LLC, 6007 US Route 60 E Ste 105",East,Mid-Atlantic States,"CHR - CHARLESTON, KY/WV",0,0,0,0,0,0,0,0.00%,0.00%,0.00%,0,0,0,0,0,0,0,0,0,0,0,0,0,0,0,0,0,0,0,0,0,0,0,0,0,0,0,0,0,0,0,0,0,2,0,0,0,0,0,0,0,0,0,0,0,0,0,0,0,0,0,0,0,0,0,0,0
147,"February, 2018",0239,80193239," Sun Com Mobile LLC, 2711 Highway 17 S",East,Georgia/South Carolina,721 - Myrtle Beach,9,42,13,51,8,7,0,75.00%,71.43%,75.00%,21,80,39,5,90,0,0,84,3,82,0,0,92,0,0,0,0,0,0,0,0,0,0,0,0,0,1,1,0,0,46,3,0,14,3,44,20,50,13,0,8,3,8,0,32,1,2,3,2,4,0,12,84,84,84,0,0
148,"February, 2018",0240,80193240," Sun Com Mobile LLC, 612 Lyle St",East,Heartland States,718 - Tri Cities,11,21,6,32,2,1,0,0.00%,0.00%,100.00%,17,46,14,0,54,0,0,42,4,42,0,0,54,0,0,0,0,0,0,0,0,0,0,0,0,0,2,5,0,0,25,0,0,11,4,24,10,36,1,5,2,1,8,0,17,0,2,1,0,0,0,3,65,65,65,0,0
149,"February, 2018",0241,80193241," Sun Com Mobile LLC, 2708 N Roan St Ste D1",East,Heartland States,718 - Tri Cities,9,40,13,49,8,6,0,62.50%,100.00%,87.50%,22,55,1,0,65,0,0,54,3,54,0,0,66,0,0,0,0,0,0,0,0,0,0,0,0,0,2,5,0,0,39,3,0,17,2,19,14,41,5,2,1,3,7,0,18,0,1,2,0,1,0,4,93,93,93,0,0
150,"February, 2018",0242,80193242," Sun Com Mobile LLC, 3778 S Suncoast Blvd",East,Florida,"420 - Inverness, FL",10,16,5,26,4,4,0,100.00%,100.00%,100.00%,17,43,0,0,51,0,1,39,3,39,0,0,51,0,0,0,0,0,0,0,0,0,0,0,0,1,5,0,0,0,20,0,0,10,3,36,8,32,0,1,2,4,7,0,14,0,2,2,3,1,0,8,67,67,67,0,0
151,"February, 2018",0243,80193243," Sun Com Mobile LLC, 906A N Spence Ave",East,Mid-Atlantic States,711 - Goldboro Kingston,40,84,18,124,10,7,0,80.00%,77.78%,60.00%,29,159,8,2,167,2,0,149,6,148,0,0,167,1,0,0,0,0,1,0,0,0,0,0,0,1,14,8,0,0,101,0,0,22,11,64,19,131,3,4,23,7,12,28,77,1,2,4,1,2,3,13,360,360,360,0,0
152,"February, 2018",0244,80193244," Sun Com Mobile LLC, 11018 Old Saint Augustine Rd Ste 123",East,Florida,056 - Jacksonville,0,0,0,0,0,0,0,0.00%,0.00%,0.00%,0,0,0,0,0,0,0,0,0,0,0,0,0,0,0,0,0,0,0,0,0,0,0,0,0,0,0,0,0,0,0,0,0,0,0,0,0,0,0,0,0,0,0,0,0,0,0,0,0,0,0,0,0,0,0,0,0
153,"February, 2018",0245,80193245," Sun Com Mobile LLC, 6214 Commercial Way Ste A9",East,Florida,"420 - Inverness, FL",0,0,0,0,0,0,0,0.00%,0.00%,0.00%,0,0,0,0,0,0,0,0,0,0,0,0,0,0,0,0,0,0,0,0,0,0,0,0,0,0,0,0,0,0,0,0,0,0,0,0,0,0,0,0,0,0,0,0,0,0,0,0,0,0,0,0,0,0,0,0,0
154,"February, 2018",0246,80193246," Sun Com Mobile LLC, 11700 Memorial Pkwy SW Ste I",Central,Gulf States,027 - Huntsville,15,29,7,44,6,3,0,100.00%,100.00%,100.00%,15,52,0,0,56,0,0,50,2,49,0,0,56,0,0,0,0,0,0,0,0,0,0,0,0,1,5,3,0,0,29,6,0,8,3,19,8,40,1,12,0,4,7,0,24,0,1,2,1,0,0,4,57,57,57,0,0
155,"February, 2018",0247,80193247," Sun Com Mobile LLC, 1485 W Main St",East,Mid-Atlantic States,"ROA - ROANOKE, VA",0,0,0,0,0,0,0,0.00%,0.00%,0.00%,0,0,0,0,0,0,0,0,0,0,0,0,0,0,0,0,0,0,0,0,0,0,0,0,0,0,0,0,0,0,0,0,0,0,0,0,0,0,0,0,0,0,0,0,0,0,0,0,0,0,0,0,0,0,0,0,0
156,"February, 2018",0248,80193248," Sun Com Mobile LLC, 6662 Highway 75 Ste 117",Central,Gulf States,060 - Birmingham,25,19,10,44,6,6,0,100.00%,100.00%,71.43%,19,65,17,0,60,0,0,61,3,60,0,0,66,0,0,0,0,0,0,0,0,0,0,0,0,1,7,1,0,0,32,3,0,25,7,32,11,57,2,5,4,1,7,0,19,0,3,0,0,0,0,3,140,140,140,0,0
157,"February, 2018",0249,80193249," Sun Com Mobile LLC, 1411 6th Ave SE",Central,Gulf States,110 - AL 1B2-DECATUR,25,64,17,89,5,4,0,-20.00%,50.00%,-25.00%,35,98,0,0,106,0,0,101,7,101,0,0,106,0,0,0,0,0,0,0,0,0,0,0,0,0,9,4,0,0,68,8,0,36,5,27,9,76,3,31,0,4,12,0,50,0,6,0,1,1,0,8,219,219,219,0,0
158,"February, 2018",0250,80193250," Sun Com Mobile LLC, 461 Western Blvd Ste 102-E",East,Mid-Atlantic States,717 - Jacksonville NC,12,65,21,77,5,3,0,80.00%,50.00%,60.00%,38,91,15,3,118,0,0,114,1,113,0,0,119,0,0,0,0,0,0,0,0,0,0,0,0,0,1,0,0,0,76,0,0,24,10,48,13,74,3,13,7,7,11,0,41,0,3,1,1,5,0,10,135,135,135,0,0
159,"February, 2018",0251,80193251," Sun Com Mobile LLC, 175 Freedom Way Ste 19",East,Mid-Atlantic States,717 - Jacksonville NC,7,22,6,29,5,5,0,80.00%,50.00%,100.00%,25,55,31,3,66,0,0,58,3,58,0,0,68,0,0,0,0,0,0,0,0,0,0,0,0,0,1,0,0,0,27,1,0,14,8,41,7,42,0,4,4,1,5,2,16,1,2,4,1,2,0,10,61,61,61,0,0
160,"February, 2018",0252,80193252," Sun Com Mobile LLC, 3503 Memorial Pkwy NW",Central,Gulf States,027 - Huntsville,20,42,20,62,6,3,0,33.33%,25.00%,100.00%,33,79,0,0,87,0,0,75,3,75,0,0,88,0,0,0,0,0,0,0,0,0,0,0,0,1,5,7,0,0,46,3,0,17,5,36,11,65,10,13,6,9,1,0,39,2,10,0,1,1,0,14,171,171,171,0,0
161,"February, 2018",0253,80193253," Sun Com Mobile LLC, 1690 Knox Ave",East,Georgia/South Carolina,703 - Augusta,22,117,21,139,5,3,0,100.00%,100.00%,20.00%,47,154,58,0,167,0,0,164,4,164,0,0,168,0,0,0,0,0,0,0,0,0,0,0,0,0,8,2,0,0,121,8,0,13,3,40,16,94,3,2,8,2,39,0,54,0,3,0,1,0,0,4,150,150,150,0,0
162,"February, 2018",0254,80193254," Sun Com Mobile LLC, 2686 MLK Jr Blvd",East,Mid-Atlantic States,722 - New Bern,0,0,0,0,0,0,0,0.00%,0.00%,0.00%,0,0,0,0,0,0,0,0,0,0,0,0,0,0,0,0,0,0,0,0,0,0,0,0,0,0,0,0,0,0,0,0,0,5,3,0,0,0,0,0,0,0,0,0,0,0,0,0,0,0,0,0,0,0,0,0,0
163,"February, 2018",0255,80193255," Sun Com Mobile LLC, 12060 County Line Rd Ste F",Central,Gulf States,027 - Huntsville,6,23,18,29,3,1,0,66.67%,100.00%,100.00%,9,34,0,0,48,0,0,43,0,43,0,0,48,0,0,0,0,0,0,0,0,0,0,0,0,1,0,0,0,0,28,0,0,6,5,20,8,23,19,3,1,1,2,0,26,4,1,0,0,0,0,5,29,29,29,0,0
164,"February, 2018",0256,80193256," Sun Com Mobile LLC, 2000 Cecil Ashburn Dr SE Ste 108",Central,Gulf States,027 - Huntsville,0,0,0,0,0,0,0,0.00%,0.00%,0.00%,0,0,0,0,0,0,0,0,0,0,0,0,0,0,0,0,0,0,0,0,0,0,0,0,0,0,0,0,0,0,0,0,0,6,1,0,0,0,0,0,0,0,0,0,0,0,0,0,0,2,0,2,0,0,0,0,0
165,"February, 2018",0257,80193257," Sun Com Mobile LLC, 3520 Richland Ave W",East,Georgia/South Carolina,703 - Augusta,16,87,24,103,4,4,0,100.00%,75.00%,60.00%,23,107,123,1,121,0,0,119,4,118,0,0,123,0,0,0,0,0,0,0,0,0,0,0,0,0,7,2,0,0,94,0,0,16,5,31,15,74,7,5,6,2,33,0,53,0,1,5,1,2,0,9,102,102,102,0,0
166,"February, 2018",0258,80193258," Sun Com Mobile LLC, 2803 Wrightsboro Rd Ste 35",East,Georgia/South Carolina,703 - Augusta,12,25,5,37,2,2,0,100.00%,100.00%,33.33%,20,43,9,0,55,0,0,49,0,49,0,0,55,0,0,0,0,0,0,0,0,0,0,0,0,1,1,4,0,0,29,2,0,14,5,20,5,33,3,8,3,2,5,0,21,0,3,2,0,0,0,5,84,84,84,0,0
167,"February, 2018",0259,80193259," Sun Com Mobile LLC, 9318 US Highway 19",East,Florida,832 - Tampa,11,25,7,36,1,1,0,100.00%,100.00%,100.00%,13,33,19,0,44,0,0,32,1,32,0,0,44,0,0,0,0,0,0,0,0,0,0,0,0,0,3,7,0,0,26,0,0,9,0,12,8,27,0,8,6,2,3,0,19,0,2,0,0,1,0,3,52,52,52,0,0
168,"February, 2018",0260,80193260," Sun Com Mobile LLC, 16181 US 441 Ste 170",East,Florida,812 - Gainesville,8,15,10,23,4,4,0,100.00%,100.00%,100.00%,2,31,4,0,38,0,0,32,1,32,0,0,38,0,0,0,0,0,0,0,0,0,0,0,0,1,2,2,0,0,14,4,0,17,0,21,6,32,2,0,4,2,4,0,12,0,0,2,0,2,0,4,68,68,68,0,0
169,"February, 2018",0261,80193261," Sun Com Mobile LLC, 1556 S Ohio Ave Unit 5",East,Florida,"405 - Lake City, FL",20,42,17,62,2,2,0,100.00%,100.00%,100.00%,15,73,1,0,94,1,0,87,4,87,0,0,94,0,0,0,0,0,1,0,0,0,0,0,0,0,4,4,0,0,45,9,0,25,3,36,4,63,2,1,1,0,16,0,20,2,2,0,0,4,0,8,165,165,165,0,0
170,"February, 2018",0262,80193262," Sun Com Mobile LLC, 1660 W Tennessee St Ste 3",East,Florida,831 - Talahassee,16,14,8,30,5,5,0,100.00%,60.00%,80.00%,1,43,0,0,41,0,0,33,1,33,0,0,41,0,0,0,0,0,0,0,0,0,0,0,0,0,7,4,0,0,17,2,0,8,6,20,3,37,4,6,4,1,5,0,20,0,1,3,3,2,0,9,68,68,68,0,0
171,"February, 2018",0263,80193263," Sun Com Mobile LLC, 798 S 6th St.",East,Florida,056 - Jacksonville,14,15,7,29,7,4,0,57.14%,33.33%,0.00%,0,31,3,0,37,0,0,29,5,29,0,0,36,0,0,0,0,0,0,0,0,0,0,0,0,1,3,4,0,0,16,5,0,6,2,12,9,30,5,2,4,0,3,0,14,0,2,3,0,2,0,7,44,44,44,0,0
172,"February, 2018",0264,80193264," Sun Com Mobile LLC, 5907 Roosevelt Blvd Ste C",East,Florida,056 - Jacksonville,0,0,0,0,0,0,0,0.00%,0.00%,0.00%,0,0,0,0,0,0,0,0,0,0,0,0,0,0,0,0,0,0,0,0,0,0,0,0,0,0,0,0,0,0,0,0,0,0,0,0,0,0,0,0,0,0,0,0,0,0,0,0,0,0,0,0,0,0,0,0,0
173,"February, 2018",0265,80193265," Sun Com Mobile LLC, 1441 Forestdale Blvd Ste 101",Central,Gulf States,060 - Birmingham,11,9,3,20,2,2,0,100.00%,100.00%,0.00%,7,33,10,3,33,0,0,29,4,29,0,0,33,0,0,0,0,0,0,0,0,0,0,0,0,0,5,0,0,0,14,1,0,4,4,21,2,31,0,2,2,1,1,0,6,0,3,1,0,1,0,5,61,61,61,0,0
174,"February, 2018",0266,80193266," Sun Com Mobile LLC, 10163 University Blvd",East,Florida,059 - Orlando,9,18,12,27,0,0,0,0.00%,0.00%,0.00%,2,36,0,0,45,0,0,32,0,32,0,0,45,0,0,0,0,0,0,0,0,0,0,0,0,0,2,3,0,0,18,4,0,5,2,20,10,24,6,6,0,2,0,0,14,0,1,4,0,2,0,7,25,25,25,0,0
175,"February, 2018",0267,80193267," Sun Com Mobile LLC, 10991 San Jose Blvd Ste 34",East,Florida,056 - Jacksonville,12,7,5,19,1,1,0,100.00%,100.00%,0.00%,7,28,0,0,34,0,0,28,1,28,0,0,34,0,0,0,0,0,0,0,0,0,0,0,0,0,2,2,0,0,14,1,0,5,3,17,6,23,1,1,1,2,1,0,6,1,0,1,0,2,0,4,33,33,33,0,0
176,"February, 2018",0268,80193268," Sun Com Mobile LLC, 9511 Southwest Fwy Ste C",Central,South Texas,HTH - HOUSTON,12,46,12,58,0,0,0,0.00%,0.00%,0.00%,9,96,21,6,115,0,0,105,2,102,0,0,116,0,0,0,0,0,0,0,0,0,0,0,0,0,4,0,0,0,51,3,0,8,4,64,17,85,2,17,10,4,1,0,34,0,7,7,1,0,0,15,217,217,217,0,0
177,"February, 2018",0269,80193269," Sun Com Mobile LLC, 2246 Winchester Rd NE Ste 311",Central,Gulf States,027 - Huntsville,6,20,9,26,5,4,0,100.00%,100.00%,100.00%,9,30,0,0,39,0,0,34,2,34,0,0,39,0,0,0,0,0,0,0,0,0,0,0,0,0,2,0,0,0,24,0,0,8,1,15,6,22,6,2,0,1,7,0,16,0,1,0,0,1,0,2,29,29,29,0,0
178,"February, 2018",0270,80193270," Sun Com Mobile LLC, 231 State Farm Pkwy Ste 107",Central,Gulf States,060 - Birmingham,4,0,1,4,1,0,0,100.00%,100.00%,100.00%,1,5,1,2,6,0,0,6,0,6,0,0,6,0,0,0,0,0,0,0,0,0,0,0,0,0,0,0,0,0,3,1,0,3,0,2,1,5,0,0,0,0,0,0,0,0,1,0,0,0,0,1,6,6,6,0,0
179,"February, 2018",0271,80193271," Sun Com Mobile LLC, 2343 2nd Ave E Ste F",Central,Gulf States,"409 - Cullman, AL",37,99,28,136,18,12,0,66.67%,86.67%,57.14%,33,151,122,4,170,0,0,164,13,161,0,0,174,0,0,0,0,0,0,0,0,0,0,0,0,4,7,4,0,0,117,4,0,38,9,53,36,122,27,3,2,0,49,2,83,0,1,0,0,0,0,1,253,253,253,0,0
180,"February, 2018",0272,80193272," Sun Com Mobile LLC, 2000 Crawfordville Hwy Ste F",East,Florida,831 - Talahassee,6,2,3,8,0,0,0,0.00%,0.00%,0.00%,1,8,0,0,11,0,0,10,0,10,0,0,11,0,0,0,0,0,0,0,0,0,0,0,0,0,1,1,0,0,5,1,0,0,3,4,3,9,1,1,0,0,1,0,3,0,0,1,0,1,0,2,30,30,30,0,0
181,"February, 2018",0273,80193273," Sun Com Mobile LLC, 1750 Sunshadow Dr Ste 110",East,Florida,059 - Orlando,8,10,4,18,2,2,0,100.00%,100.00%,100.00%,6,32,1,0,32,0,0,24,0,24,0,0,33,0,0,0,0,0,0,0,0,0,0,0,0,0,3,1,0,0,14,0,0,3,2,20,10,21,2,1,4,0,0,0,7,0,4,2,0,0,0,6,41,41,41,0,0
182,"February, 2018",0274,80193274," Sun Com Mobile LLC, 1408 N Brindlee Mountain Pkwy",Central,Gulf States,"065 - Florence, AL",30,105,45,135,15,13,0,80.00%,80.00%,70.59%,35,133,0,4,167,0,0,160,10,158,0,0,168,0,0,0,0,0,0,0,0,0,0,0,0,4,8,1,0,0,115,7,0,15,6,45,29,96,26,4,2,5,42,0,79,1,0,0,0,4,0,5,175,175,175,0,0
183,"February, 2018",0275,80193275," Sun Com Mobile LLC, 6220 Commercial Way Unit A-6",East,Florida,"420 - Inverness, FL",9,17,4,27,6,4,0,100.00%,83.33%,71.43%,8,31,0,0,30,0,0,25,0,25,0,0,32,0,0,0,0,0,0,0,0,0,0,0,0,0,7,6,0,0,14,0,0,6,1,14,8,28,0,6,3,0,1,0,10,1,4,1,2,0,0,8,45,45,45,0,0
184,"February, 2018",0276,80193276," Sun Com Mobile LLC, 2137 Volunteer Pkwy",East,Heartland States,718 - Tri Cities,7,15,5,22,5,4,0,80.00%,50.00%,100.00%,10,31,23,0,35,0,0,32,2,32,0,0,38,0,0,0,0,0,0,0,0,0,0,0,0,0,0,2,0,0,19,1,0,4,1,17,9,23,3,2,0,1,6,0,12,0,0,2,0,1,0,3,40,40,40,0,0
185,"February, 2018",0277,80193277," Sun Com Mobile LLC, 42653 Highway 27",East,Florida,"818 - Lakeland, FL",22,41,26,63,3,3,0,100.00%,100.00%,100.00%,21,68,0,0,99,0,0,89,1,87,0,0,99,0,0,0,0,0,0,0,0,0,0,0,0,0,1,4,0,0,55,3,0,15,5,41,18,58,7,8,4,7,4,3,33,1,2,2,1,0,0,6,71,71,71,0,0
186,"February, 2018",0278,80193278," Sun Com Mobile LLC, 123 Old Port Isabel Rd Ste B-13",Central,South Texas,BRN - BROWNSVILLE,3,17,5,20,5,4,0,100.00%,100.00%,100.00%,6,24,0,0,27,0,0,24,2,24,0,0,27,0,0,0,0,0,0,0,0,0,0,0,0,0,0,1,0,0,18,1,0,0,0,8,5,13,0,8,0,7,0,0,15,0,4,0,0,0,0,4,67,67,67,0,0
187,"February, 2018",0279,80193279," Sun Com Mobile LLC, 3261 Garden St",East,Florida,020 - Melbourne,19,39,20,58,5,5,0,60.00%,60.00%,60.00%,11,64,0,0,82,0,0,72,5,70,0,0,83,0,0,0,0,0,0,0,0,0,0,0,0,1,5,3,0,0,44,5,0,10,0,33,13,50,7,18,7,2,1,0,35,0,1,6,2,0,0,9,94,94,94,0,0
188,"February, 2018",0280,80193280," Sun Com Mobile LLC, 445 State Road 13 Ste 25",East,Florida,056 - Jacksonville,6,0,2,6,1,1,0,100.00%,100.00%,100.00%,2,7,1,0,8,0,0,4,0,4,0,0,8,0,0,0,0,0,0,0,0,0,0,0,0,1,1,0,0,0,0,4,0,1,1,4,4,7,1,0,0,0,0,0,1,0,0,0,1,0,0,1,4,4,4,0,0
189,"February, 2018",0281,80193281," Sun Com Mobile LLC, 1555 Pelham Rd S",Central,Gulf States,064 - Anniston,12,31,9,43,7,7,0,85.71%,100.00%,100.00%,31,66,0,0,78,0,0,69,10,69,0,0,79,0,0,0,0,0,0,0,0,0,0,0,0,0,1,4,0,0,38,0,0,11,6,39,15,55,3,5,0,1,10,0,19,0,4,0,0,1,0,5,88,88,88,0,0
190,"February, 2018",0282,80193282," Sun Com Mobile LLC, 1001 Main St Bldg A",Central,Gulf States,060 - Birmingham,20,28,10,48,8,7,0,87.50%,87.50%,87.50%,15,61,1,0,65,0,0,55,0,55,0,0,66,0,0,0,0,0,0,0,0,0,0,0,0,1,6,4,0,0,34,3,0,8,3,28,10,47,7,7,5,1,11,0,31,1,3,0,0,1,0,5,96,96,96,0,0
191,"February, 2018",0283,80193283," Sun Com Mobile LLC, 975 Airport Rd SW Ste 9",Central,Gulf States,027 - Huntsville,16,30,19,46,5,3,0,100.00%,100.00%,83.33%,12,38,0,0,51,0,0,44,0,44,0,0,51,0,0,0,0,0,0,0,0,0,0,0,0,2,6,3,0,0,32,3,0,10,4,13,6,37,8,6,4,7,1,0,26,0,2,0,0,0,0,2,59,59,59,0,0
192,"February, 2018",0284,80193284," Sun Com Mobile LLC, 2248 Central Dr. Ste 104",Central,North Texas,DFW - DALLAS,10,26,18,36,0,0,0,0.00%,0.00%,0.00%,3,41,0,0,53,0,0,45,0,45,0,0,53,0,0,0,0,0,0,0,0,0,0,0,0,0,3,2,0,0,30,1,0,7,3,23,6,31,6,7,5,4,0,0,22,0,1,2,1,0,0,4,39,39,39,0,0
193,"February, 2018",0285,80193285," Sun Com Mobile LLC, 2200 Boca Chica Blvd Ste 110",Central,South Texas,BRN - BROWNSVILLE,11,39,7,50,5,1,0,60.00%,80.00%,75.00%,12,85,1,0,89,0,0,76,3,76,0,0,89,0,0,0,0,0,0,0,0,0,0,0,0,0,6,0,0,0,42,2,0,13,1,47,8,54,0,18,7,5,0,0,30,0,13,2,1,0,0,16,309,309,309,0,0
194,"February, 2018",0286,80193286," Sun Com Mobile LLC, 2020 S Expressway 83",Central,South Texas,BRN - BROWNSVILLE,11,30,10,41,6,5,0,66.67%,66.67%,16.67%,24,67,31,1,77,0,0,62,0,62,0,0,77,0,0,0,0,0,0,0,0,0,0,0,0,2,2,2,0,0,30,5,0,4,1,44,15,50,2,11,5,6,0,0,24,0,5,1,1,0,0,7,91,91,91,0,0
195,"February, 2018",0287,80193287," Sun Com Mobile LLC, 1209 Iturbide St",Central,South Texas,LRD - LAREDO,37,21,14,58,3,2,0,100.00%,66.67%,66.67%,41,80,0,0,87,0,0,79,0,79,0,0,87,0,0,0,0,0,0,0,0,0,0,0,0,1,5,3,0,0,45,4,0,7,4,36,26,73,0,10,5,4,2,0,21,0,8,1,0,0,0,9,242,242,242,0,0
196,"February, 2018",0288,80193288," Sun Com Mobile LLC, 13405 US Highway 1",East,Florida,116 - FL 2B2 VERO BEACH,17,14,6,31,5,4,0,100.00%,100.00%,100.00%,7,40,11,0,44,0,0,34,2,34,0,0,44,0,0,0,0,0,0,0,0,0,0,0,0,0,6,7,0,0,18,0,0,1,0,19,10,35,3,11,0,1,4,0,19,0,2,0,0,0,0,2,20,20,20,0,0
197,"February, 2018",0289,80193289," Sun Com Mobile LLC, 1920 S Jefferson St Ste D",East,Florida,831 - Talahassee,0,0,0,0,0,0,0,0.00%,0.00%,0.00%,0,0,0,0,0,0,0,0,0,0,0,0,0,0,0,0,0,0,0,0,0,0,0,0,0,0,0,0,0,0,0,0,0,0,0,0,0,0,0,0,0,0,0,0,0,0,0,0,0,0,0,0,0,0,0,0,0
198,"February, 2018",0290,80193290," Sun Com Mobile LLC, 7217 Boulevard 26",Central,North Texas,DFW - DALLAS,0,0,0,0,0,0,0,0.00%,0.00%,0.00%,0,0,0,0,0,0,0,0,0,0,0,0,0,0,0,0,0,0,0,0,0,0,0,0,0,0,0,0,0,0,0,0,0,0,0,0,0,0,0,0,0,0,0,0,0,0,0,0,0,0,0,0,0,0,0,0,0
199,"February, 2018",0291,80193291," Sun Com Mobile LLC, 2602 US Highway 411 S Ste 104",East,Heartland States,719 - Knoxville,2,1,0,3,0,0,0,0.00%,0.00%,0.00%,1,8,1,0,7,0,0,8,1,8,0,0,8,0,0,0,0,0,0,0,0,0,0,0,0,1,1,0,0,0,1,0,0,2,1,7,0,7,0,0,0,0,0,1,1,1,3,1,1,0,0,6,32,32,32,0,0
200,"February, 2018",0292,80193292," Sun Com Mobile LLC, 2005 Valleydale Rd",Central,Gulf States,060 - Birmingham,4,18,2,22,2,2,0,100.00%,100.00%,100.00%,9,21,0,1,29,0,0,29,3,29,0,0,29,0,0,0,0,0,0,0,0,0,0,0,0,1,0,0,0,0,20,1,0,1,0,8,3,20,0,12,2,0,1,0,15,0,6,0,0,0,0,6,44,44,44,0,0
201,"February, 2018",0293,80193293," Sun Com Mobile LLC, 11224 Airline Dr",Central,South Texas,HTH - HOUSTON,22,54,11,76,4,3,0,75.00%,75.00%,40.00%,55,125,90,3,138,1,0,131,3,129,0,0,141,0,0,1,0,0,0,0,0,0,0,0,0,0,0,1,0,0,73,2,0,13,5,68,81,98,2,28,15,3,0,0,48,1,14,4,0,1,0,20,415,415,415,0,0
202,"February, 2018",0294,80193294," Sun Com Mobile LLC, 310 W Little York Rd",Central,South Texas,HTH - HOUSTON,24,41,8,66,5,5,0,100.00%,100.00%,50.00%,35,104,49,2,107,0,0,105,2,105,0,0,109,0,0,0,0,0,0,0,0,0,0,0,0,0,10,1,0,0,52,3,0,4,3,61,53,91,0,23,6,7,2,0,38,0,5,1,3,0,0,9,384,384,384,0,0
203,"February, 2018",0295,80193295," Sun Com Mobile LLC, 11322 Fondren Rd Ste A",Central,South Texas,HTH - HOUSTON,41,42,18,83,3,3,0,100.00%,100.00%,100.00%,29,138,39,0,148,0,0,126,5,125,0,0,152,0,0,0,0,0,0,0,0,0,0,0,0,2,11,9,0,0,58,3,0,12,3,92,28,123,3,15,17,7,0,0,42,0,7,9,2,1,0,19,615,615,615,0,0
204,"February, 2018",0296,80193296," Sun Com Mobile LLC, 3927 Western Ave",East,Heartland States,719 - Knoxville,15,30,10,45,5,5,0,100.00%,100.00%,50.00%,45,73,85,20,87,0,1,79,3,77,0,0,90,0,0,0,0,0,0,0,0,0,0,0,0,0,4,5,0,0,33,3,0,7,4,52,16,67,1,5,1,3,4,1,15,0,2,6,0,1,0,9,372,372,372,0,0
205,"February, 2018",0297,80193297," Sun Com Mobile LLC, 2131 E Magnolia Ave Ste A",East,Heartland States,719 - Knoxville,16,5,4,21,4,4,0,25.00%,0.00%,0.00%,12,26,26,1,36,0,0,28,3,28,0,0,36,0,0,0,0,0,0,0,0,0,0,0,0,0,4,2,0,0,7,8,0,3,4,25,15,38,0,0,1,0,2,0,3,0,1,1,0,0,0,2,279,279,279,0,0
206,"February, 2018",0298,80193298," Sun Com Mobile LLC, 2755 E Andrew Johnson Hwy Unit 301",East,Heartland States,718 - Tri Cities,17,62,16,79,17,12,0,88.24%,73.33%,82.35%,63,80,81,2,91,0,0,90,4,90,0,0,96,0,0,0,0,0,0,0,0,0,0,0,0,0,4,3,0,0,72,0,0,4,4,22,23,59,12,12,4,2,19,0,49,0,0,0,0,2,0,2,67,67,67,0,0
207,"February, 2018",0299,80193299," Sun Com Mobile LLC, 1351A Sunset Ave Ste B-14",East,Mid-Atlantic States,709 - Fayetteville Lumberton,25,61,25,86,5,4,0,80.00%,60.00%,33.33%,37,94,49,3,113,0,0,110,4,110,0,0,115,0,0,0,0,0,0,0,0,0,0,0,0,0,0,0,0,0,83,3,0,6,10,31,17,81,1,0,5,1,31,10,48,0,0,4,0,7,1,12,152,152,152,0,0
208,"February, 2018",0300,80193300," Sun Com Mobile LLC, 364 US 70 W Ste 12",East,Mid-Atlantic States,702 - Asheville/Hendersonvill,0,0,0,0,0,0,0,0.00%,0.00%,0.00%,0,0,0,0,0,0,0,0,0,0,0,0,0,0,0,0,0,0,0,0,0,0,0,0,0,0,0,0,0,0,0,0,0,0,0,0,0,0,0,0,0,0,0,0,0,0,0,0,0,0,0,0,0,0,0,0,0
209,"February, 2018",0301,80193301," Sun Com Mobile LLC, 2914 US Highway 70 W Ste A",East,Mid-Atlantic States,711 - Goldboro Kingston,10,29,4,39,2,1,0,100.00%,100.00%,50.00%,13,50,1,0,53,0,0,50,2,50,0,0,54,0,0,0,0,0,0,0,0,0,0,0,0,0,2,1,0,0,36,0,0,8,4,17,1,38,0,0,10,9,5,2,26,0,0,2,0,1,1,4,43,43,43,0,0
210,"February, 2018",0302,80193302," Sun Com Mobile LLC, 137 Commons Dr Spc A-4",East,Mid-Atlantic States,702 - Asheville/Hendersonvill,34,67,14,101,17,16,0,76.47%,66.67%,36.84%,36,108,8,0,113,0,0,108,0,108,0,0,113,0,0,0,0,0,0,0,0,0,0,0,0,0,10,5,0,0,79,7,0,7,5,24,14,82,10,6,2,1,58,0,77,0,1,0,0,1,0,2,74,74,74,0,0
211,"February, 2018",0303,80193303," Sun Com Mobile LLC, 101 Hudson Dr # 111",East,Heartland States,718 - Tri Cities,10,38,1,48,14,8,0,64.29%,75.00%,56.25%,35,58,40,1,59,0,0,53,0,53,0,0,61,0,0,0,0,0,0,0,0,0,0,0,0,1,2,4,0,0,41,0,0,4,5,17,8,44,2,5,5,3,14,0,29,0,1,1,0,0,0,2,73,73,73,0,0
212,"February, 2018",0304,80193304," Sun Com Mobile LLC, 9621 Fondren Rd",Central,South Texas,HTH - HOUSTON,6,7,7,13,2,2,0,-50.00%,0.00%,-100.00%,4,16,5,1,27,0,0,26,1,26,0,0,27,0,0,0,0,0,0,0,0,0,0,0,0,0,2,0,0,0,9,2,0,3,1,16,4,21,0,1,3,0,0,0,4,1,4,3,0,0,0,8,144,144,144,0,0
213,"February, 2018",0305,80193305," Sun Com Mobile LLC, 2646 M L King Jr Blvd",East,Mid-Atlantic States,722 - New Bern,25,50,27,75,8,5,0,75.00%,66.67%,22.22%,29,71,54,2,95,1,0,91,5,91,0,0,100,0,0,0,0,0,0,0,0,1,0,0,0,0,0,2,0,0,71,2,0,18,12,26,22,59,5,1,9,1,17,3,36,0,0,3,0,0,1,4,126,126,126,0,0
214,"February, 2018",0306,80193306," Sun Com Mobile LLC, 6257 US-1 Ste 6215",East,Florida,020 - Melbourne,17,25,14,42,2,1,0,100.00%,50.00%,66.67%,27,56,0,0,74,0,0,61,3,60,0,0,74,0,0,0,0,0,0,0,0,0,0,0,0,0,2,3,0,0,28,9,0,2,0,35,14,49,0,13,2,1,4,0,20,0,1,1,0,0,0,2,70,70,70,0,0
215,"February, 2018",0307,80193307," Sun Com Mobile LLC, 7253 Highway 26",Central,North Texas,DFW - DALLAS,0,0,0,0,0,0,0,0.00%,0.00%,0.00%,0,0,0,0,0,0,0,0,0,0,0,0,0,0,0,0,0,0,0,0,0,0,0,0,0,0,0,0,0,0,0,0,0,0,0,0,0,0,0,0,0,0,0,0,0,0,0,0,0,0,0,0,0,0,0,0,0
216,"February, 2018",0308,80193308," Sun Com Mobile LLC, 5710 SE Abshier Blvd Unit 1",East,Florida,824 - Ocala,22,51,9,73,4,3,0,100.00%,100.00%,20.00%,50,97,0,0,124,0,0,103,3,102,0,0,125,0,0,0,0,1,0,0,0,0,0,0,0,0,1,3,0,0,65,4,0,2,4,54,17,81,3,10,7,9,19,0,48,0,0,0,1,1,0,2,143,143,143,0,0
217,"February, 2018",0309,80193309," Sun Com Mobile LLC, 10705 Westheimer Rd Ste B",Central,South Texas,HTH - HOUSTON,27,29,21,56,1,1,0,100.00%,100.00%,100.00%,36,84,3,0,93,0,0,78,4,77,0,0,93,0,0,0,0,0,0,0,0,0,0,0,0,3,5,2,0,0,44,2,0,1,1,47,27,67,0,3,10,14,1,0,28,0,0,1,1,0,0,2,138,138,138,0,0
218,"February, 2018",0310,80193310," Sun Com Mobile LLC, 3210 Fondren Rd",Central,South Texas,HTH - HOUSTON,7,12,1,19,0,0,0,0.00%,0.00%,0.00%,9,31,28,2,28,0,0,24,1,24,0,0,28,0,0,0,0,0,0,0,0,0,0,0,0,1,3,1,0,0,13,1,0,0,0,15,5,23,0,6,2,2,0,0,10,0,1,0,0,0,0,1,99,99,99,0,0
219,"February, 2018",0311,80193311," Sun Com Mobile LLC, 3215 Hillcroft St",Central,South Texas,HTH - HOUSTON,32,58,27,90,2,0,0,0.00%,50.00%,0.00%,39,122,53,2,135,0,0,128,2,128,0,0,138,0,0,0,0,0,0,0,0,0,0,0,0,2,7,3,0,0,72,6,0,1,0,60,23,102,2,15,13,11,2,0,43,0,2,0,0,0,0,2,369,369,369,0,0
220,"February, 2018",0312,80193312," Sun Com Mobile LLC, 6433 Westheimer Rd Ste A",Central,South Texas,HTH - HOUSTON,0,0,0,0,0,0,0,0.00%,0.00%,0.00%,0,0,0,0,0,0,0,0,0,0,0,0,0,0,0,0,0,0,0,0,0,0,0,0,0,0,0,0,0,0,0,0,0,1,0,0,0,0,0,0,0,0,0,0,0,0,0,0,0,0,0,0,0,0,0,0,0
221,"February, 2018",0313,80193313," Sun Com Mobile LLC, 2703 N US Highway 83",Central,South Texas,DLY - DILLEY,0,0,0,0,0,0,0,0.00%,0.00%,0.00%,0,0,0,0,0,0,0,0,0,0,0,0,0,0,0,0,0,0,0,0,0,0,0,0,0,0,0,0,0,0,0,0,0,0,0,0,0,0,0,0,0,0,0,0,0,0,0,0,0,0,0,0,1,1,1,0,0
